AlbaLu2012,0.0
RedMasNoticias,0.5
Fernando_nomin,0.1
chesusmartinez,0.9
ESoachuno,0.03
RonBurest,0.9
Fro20Diego,0.21
El_lider_2017,0.1
sabana17nativo,0.1
Maripuerta,0.5
ACriollo_M5,0.75
anyelo77gr_gil,0.03
Fedesarrollo,0.5
OUTHERE12781877,0.15
KIKADMN,0.0
tercerainfo3i,0.5
Sm8957179Mora,0.1
FloreMorrive,0.75
GiOVANN60116779,0.5
aleltbd,0.5
carlos_ferchofm,0.1
soyacido1,0.5
Flo_Rver,0.1
valiente20,0.75
primerocolomb,0.05
elkineapw,0.1
cepalodeg349,0.79
ClaudiaLopez,0.5
cepalodeg349,0.78
AnaMaraLzo,0.1
ClaudiaLopez,0.5
marthachaparroz,0.1
AnaMaraLzo,0.12
jpove2,0.85
marthachaparroz,0.1
homebu,0.05
jpove2,0.85
hjbereus,0.03
homebu,0.1
CamiloAndresRP,0.85
ALFONSOGARZON,0.12
hjbereus,0.0
edujosecas,0.05
CamiloAndresRP,0.85
ALFONSOGARZON,0.15
aristizxabal,0.05
edujosecas,0.1
AndrsAlvrez17,0.25
aristizxabal,0.03
juanfel44934351,0.1
AndrsAlvrez17,0.25
SergiusJ,0.1
juanfel44934351,0.15
AndersonRedond1,0.1
SergiusJ,0.03
ResistenciaHace,0.15
AndersonRedond1,0.1
Joel_Moris,0.5
MamertoNada,0.05
ResistenciaHace,0.1
MiTVCanal20,0.5
Joel_Moris,0.5
93191Maria,0.05
GALINDEZ6666,0.1
MamertoNada,0.05
LenteJuridico,0.75
MiTVCanal20,0.5
janv0520,0.05
93191Maria,0.1
GALINDEZ6666,0.15
sebastian0922,0.05
LenteJuridico,0.75
BenedettLora,0.75
janv0520,0.05
Carloscanapo,0.65
sebastian0922,0.0
MariaMagdaRu,0.9
BenedettLora,0.75
CathyJuvinao,0.05
Carloscanapo,0.55
ElkinIsazaCast,0.1
MariaMagdaRu,0.75
sergoliatt,0.1
Adriana94393600,0.21
CathyJuvinao,0.05
ElkinIsazaCast,0.09
Eduardo11449513,0.1
posadajp,0.1
sergoliatt,0.1
hamon_jairo,0.03
Adriana94393600,0.2
JohnRod09114679,0.83
Eduardo11449513,0.05
elheraldoco,0.5
posadajp,0.05
egavete,0.1
hamon_jairo,0.0
JavierE12533578,0.25
MelodyL37022025,0.25
Dannialberto,0.2
JohnRod09114679,0.78
elheraldoco,0.5
saraacevedov,0.21
egavete,0.15
JavierE12533578,0.25
MelodyL37022025,0.25
Dannialberto,0.15
galileogalileo7,0.05
saraacevedov,0.21
BUENAVENTU4099,0.75
galileogalileo7,0.1
cristares10,0.25
BUENAVENTU4099,0.75
cristares10,0.1
armandovem,0.1
armandovem,0.1
javier_choco,0.1
soyconservador,0.5
javier_choco,0.1
soyconservador,0.5
Adriau,0.02
Adriau,0.02
EagleVLS,0.15
EagleVLS,0.1
AlvaroBlancoS,0.85
normahurtados,0.21
AlvaroBlancoS,0.9
germanrodri31,0.25
normahurtados,0.5
vladiar60,0.75
Droyan2023,0.85
germanrodri31,0.21
tutoramirez,0.05
vladiar60,0.85
critico_espacio,0.21
Droyan2023,0.9
FormacionR8783,0.02
tutoramirez,0.05
critico_espacio,0.21
Santa_Fe_Petro,0.2
rinon2024,0.05
FormacionR8783,0.05
DiegoARinconR,0.1
Samithmv,0.15
Santa_Fe_Petro,0.15
adolflgutierrez,0.85
rinon2024,0.05
DiegoARinconR,0.0
carog6,0.1
Luis_Arevalo,0.1
Samithmv,0.03
adolflgutierrez,0.85
carog6,0.1
joridigo,0.85
Luis_Arevalo,0.1
JairoEchev41998,0.1
joridigo,0.75
arleymolano31,0.75
JairoEchev41998,0.25
arleymolano31,0.75
SanchezYamisa,0.5
KatiaRoguezJ,0.75
GustavoPetroF,0.9
JavieLeon_,0.12
valen20011,0.05
hatolosalpes,0.9
SanchezYamisa,0.5
VelosaVelosa2,0.15
PadreChuchoOf,0.5
KatiaRoguezJ,0.75
dony_diaz_,0.2
GustavoPetroF,0.95
AlicerMartinez,0.21
JavieLeon_,0.03
JoseA_Ocampo,0.75
valen20011,0.05
Maria35586595,0.5
hatolosalpes,0.85
MariaSe67443842,0.05
VelosaVelosa2,0.1
PerroUv,0.38
JasonRodriguezC,0.2
JuanGme77297444,0.1
webeguerrero,0.05
PadreChuchoOf,0.5
dony_diaz_,0.15
sandraquidi,0.03
AlicerMartinez,0.21
martinzuluaga9,0.1
JoseA_Ocampo,0.5
RipYeye,0.1
MaceesseCecilia,0.25
Maria35586595,0.5
EligioRuiz,0.1
MariaSe67443842,0.05
flaenlinea,0.5
PerroUv,0.25
lufedaca,0.02
JasonRodriguezC,0.15
caroglarrota,0.75
JuanGme77297444,0.21
alexandral2713,0.75
arena_castro,0.1
sinarandelas,0.05
VaneDeCol,0.1
jmcadavid,0.05
Inthemood4more,0.1
webeguerrero,0.05
velezmarcelav,0.1
sandraquidi,0.09
martinzuluaga9,0.03
mianmalo,0.25
CancilleriaCol,0.9
RipYeye,0.05
DocAriana,0.1
MaceesseCecilia,0.25
Gio11985065,0.9
EligioRuiz,0.1
flaenlinea,0.5
Luiskpe,0.75
lufedaca,0.05
AbreyLeon,0.15
caroglarrota,0.75
JuanCar67421239,0.05
alexandral2713,0.85
2arrojas,0.1
arena_castro,0.1
Germania7777777,0.21
imoreno678,0.5
sinarandelas,0.05
nicovel80,0.85
VaneDeCol,0.12
jmcadavid,0.1
Inthemood4more,0.25
JuanHeliodoro,0.12
velezmarcelav,0.03
humbertobohor12,0.05
mianmalo,0.1
Opi_NandoMas,0.05
CancilleriaCol,0.85
DocAriana,0.15
MiguelR21257988,0.21
Gio11985065,0.85
ivandaal2004,0.1
alfomoron,0.25
Luiskpe,0.75
juanfelipemc25,0.21
AbreyLeon,0.05
jhong_san,0.03
lalo19622023,0.05
MIREYAMANTILLAH,0.15
JuanCar67421239,0.03
libartres,0.1
2arrojas,0.15
MarxCarl7,0.01
Germania7777777,0.21
imoreno678,0.5
GobiernoBTA,0.5
nicovel80,0.85
CAYN2011,0.1
JuanHeliodoro,0.15
johnale78477255,0.75
humbertobohor12,0.1
Opi_NandoMas,0.1
PHRLegal,0.5
MiguelR21257988,0.21
superbiaest,0.75
ivandaal2004,0.1
michaelarbelae3,0.1
alfomoron,0.25
juanfelipemc25,0.1
HugoAlbertoBel3,0.1
jhong_san,0.1
AuraMariaRozoD1,0.75
lalo19622023,0.02
MIREYAMANTILLAH,0.25
ja53839525,0.21
libartres,0.1
Danielarc94007,0.1
MarxCarl7,0.03
vettomon,0.75
GobiernoBTA,0.5
CarlosT20801682,0.75
Gaboss55,0.1
danito43,0.2
CAYN2011,0.12
OscarEc62509436,0.15
johnale78477255,0.75
WEIMAR_T,0.5
uribelegado,0.5
dianadiago,0.5
PHRLegal,0.5
superbiaest,0.75
davidlptw,0.15
Invamer,0.5
e3,0.03
HugoAlbertoBel3,0.1
AuraMariaRozoD1,0.75
infobaecolombia,0.15
ja53839525,0.1
ricardopentiple,0.1
Danielarc94007,0.15
asuamo_,0.11
vettomon,0.9
miconcepto09,0.05
CarlosT20801682,0.85
GermanWillian2,0.1
Gaboss55,0.03
JaimePenagos10,0.15
danito43,0.1
zuldor261292,0.1
OscarEc62509436,0.1
WEIMAR_T,0.5
IvanUribeE8954,0.1
uribelegado,0.75
Angelitoprietin,0.1
dianadiago,0.5
luisferrore2023,0.21
davidrueda30,0.1
davidlptw,0.25
Invamer,0.5
AdrianoAdigun,0.2
infobaecolombia,0.21
ambiental81,0.32
infopresidencia,0.95
ricardopentiple,0.12
asuamo_,0.02
Perla5988599791,0.1
miconcepto09,0.05
casanarep,0.21
RevistaSemana,0.23
GermanWillian2,0.15
JaimePenagos10,0.15
raul_acostap,0.8
zuldor261292,0.1
ROLOTESO,0.13
dona_pily2,0.05
MinInterior,0.5
IvanUribeE8954,0.1
johnpoveda17,0.75
Angelitoprietin,0.1
OscuraColombia,0.5
luisferrore2023,0.15
raucosta,0.85
Enrique_GomezM,0.02
davidrueda30,0.21
AdrianoAdigun,0.1
cadavidjj,0.15
ambiental81,0.46
cartangarife,0.05
infopresidencia,0.9
MnicaGonzlezPr2,0.05
Perla5988599791,0.1
casanarep,0.12
FedericoAn53042,0.1
RevistaSemana,0.1
LopeAugusto,0.1
raul_acostap,0.85
jorgeramosnews,0.5
ROLOTESO,0.1
jaimeurquijo,0.07
dona_pily2,0.1
mige196074,0.21
MinInterior,0.5
Alligator6711,0.1
johnpoveda17,0.9
OscuraColombia,0.5
jaimegallegor,0.15
BtranGerman,0.5
colexret,0.02
raucosta,0.75
Enrique_GomezM,0.05
FranciOrRa,0.05
cadavidjj,0.1
Juanavanzadora3,0.15
HPLovecraft12,0.1
cartangarife,0.03
MnicaGonzlezPr2,0.1
leokpaz,0.15
FedericoAn53042,0.1
torrwilso,0.12
LopeAugusto,0.1
JohnJairoPosa67,0.05
jorgeramosnews,0.5
MIsabelRueda,0.5
jaimeurquijo,0.05
CBorissow,0.15
mige196074,0.21
rincon_del_mar,0.5
edwincm1980,0.25
Alligator6711,0.03
PalomaSenadora,0.5
jaimegallegor,0.1
AndresM02279529,0.25
BtranGerman,0.5
colexret,0.21
FranciOrRa,0.21
carbonell515,0.2
KenzoHuertas,0.9
Juanavanzadora3,0.1
javigarzon1980,0.75
HPLovecraft12,0.1
opranah,0.1
leokpaz,0.21
torrwilso,0.1
Leonard08894097,0.1
KrlosTR357,0.1
JohnJairoPosa67,0.05
MIsabelRueda,0.5
CBorissow,0.1
davi_dnovoa,0.85
rincon_del_mar,0.5
jberriolopez,0.5
edwincm1980,0.15
ErnestoRun1,0.1
PalomaSenadora,0.5
Paddingtonceaj,0.75
AndresM02279529,0.15
BustosDr,0.12
carbonell515,0.1
cargomper,0.1
KenzoHuertas,0.9
oggalvis,0.1
javigarzon1980,0.75
Alondra04575554,0.1
fanf1313,0.03
opranah,0.03
ricardomarinro,0.5
derechasinlimit,0.09
Leonard08894097,0.1
GaviriaHubert,0.15
KrlosTR357,0.1
JOHNGOMEZ0819,0.1
ANIFCO,0.5
davi_dnovoa,0.75
jberriolopez,0.5
FGFBarbosa,0.03
ErnestoRun1,0.21
biolucho2005,0.21
Paddingtonceaj,0.75
Roca233,0.1
BustosDr,0.03
juanrojasr8,0.15
cargomper,0.1
migdonio_arias,0.75
oggalvis,0.09
Fogacoop,0.85
Alondra04575554,0.1
dancasar,0.05
fanf1313,0
InteligenciaEs,0.15
javierdonado,0.75
ricardomarinro,0.5
Mechitascasmont,0.05
derechasinlimit,0.1
Gquiroz18,0.5
GaviriaHubert,0.1
juanmanuelANQR,0.75
EsperanzaPrie16,0.21
maurastu,0.1
MikyMolasso,0.1
JOHNGOMEZ0819,0.1
ARCHYBE,0.03
ANIFCO,0.5
Reynald06597037,0.85
FGFBarbosa,0.05
GeoMaoValencia,0.03
IvanFinanciero,0.5
Hematocritica__,0.1
biolucho2005,0.21
Roca233,0.1
omega682,0.1
juanrojasr8,0.15
Pensionando_co,0.5
migdonio_arias,0.75
rojas_mardo,0.1
Fogacoop,0.85
dager_chavez,0.1
emithguitar,0.0
dancasar,0.1
InteligenciaEs,0.1
RazonVertical,0.15
FcoLloreda,0.25
javierdonado,0.75
GruesoNestor,0.9
7AndresFranco2,0.15
duqesj,0.12
Mechitascasmont,0.1
Gquiroz18,0.5
DiavaneraSi,0.1
juanmanuelANQR,0.85
ViviaCalle,0.5
TomsSegundoDazI,0.05
EsperanzaPrie16,0.15
miriamvelez2012,0.5
maurastu,0.1
MikyMolasso,0.1
ProCentrismo,0.5
fraperof,0.25
ARCHYBE,0.1
Reynald06597037,0.75
ivanlievano654,0.5
GeoMaoValencia,0.1
InesBetancur1,0.05
LeopoldinaAG,0.75
OscarMonroy,0.25
IvanFinanciero,0.5
hgquiceno,0.05
Hematocritica__,0.1
latas____,0.05
fabiojandrade,0.1
omega682,0
sonnyraymondn,0.85
Pensionando_co,0.5
rojas_mardo,0.0
josebq94,0.5
dager_chavez,0.1
Angela_OnAir,0.5
JACOBOSOLANOC,0.03
emithguitar,0.05
jquint206,0.1
RazonVertical,0.1
Juanmaidenal201,0.15
FcoLloreda,0.25
RIGHT791,0.1
GruesoNestor,0.9
CaturroTJ,0.05
7AndresFranco2,0.14
cheerup__01,0.95
duqesj,0.1
anibalac071,0.75
Sinaltralipal,0.75
DiavaneraSi,0.1
nubiyjufe65,0.75
ViviaCalle,0.5
AELopezP,0.5
TomsSegundoDazI,0.1
juanpolanco81,0.2
miriamvelez2012,0.25
ProudBruja,0.25
ProCentrismo,0.5
fraperof,0.75
zaff42061116,0.1
ivanlievano654,0.5
InesBetancur1,0.05
LeoPini77,0.9
diamaov,0.12
LeopoldinaAG,0.65
Kisalubo,0.1
OscarMonroy,0.25
ojocolombia2026,0.03
hgquiceno,0.05
jossaranc,0.1
latas____,0.1
DiegoVasquezSa1,0.1
fabiojandrade,0.12
sonnyraymondn,0.85
jhonfca631,0.85
William863Ortiz,0.25
josebq94,0.25
Angela_OnAir,0.5
jotachat,0.1
JACOBOSOLANOC,0.1
jquint206,0.06
jorgeecamperos,0.75
Juanmaidenal201,0.21
MargaritaArino,0.1
RIGHT791,0.05
nelsonarturo3g,0.05
CaturroTJ,0.03
87_mml,0.1
cheerup__01,0.85
Gustavo79851479,0.1
anibalac071,0.85
RenataSokolov,0.05
Sinaltralipal,0.75
gariargel,0.75
SoloDiegoF,0.03
nubiyjufe65,0.85
AELopezP,0.5
Eclides3,0.6
DrakeRo57712152,0.5
juanpolanco81,0.15
martin25476359,0.0
ProudBruja,0.25
Acuna_Oscar,0.05
zaff42061116,0.1
DCoronell,0.5
josemi422,0.1
LeoPini77,0.75
DANIELROSITO528,0.5
EliansTorres,0.75
diamaov,0.02
Kisalubo,0.1
euscategui1,0.5
ojocolombia2026,0.05
codiguillos,0.02
jossaranc,0.02
IdaniaChirinos,0.5
DiegoVasquezSa1,0.1
LuisaposadaO,0.1
jhonfca631,0.85
ClaudiaWitte7,0.75
William863Ortiz,0.25
RicardboDiaz,0.85
77Pitta,0.15
jotachat,0.1
Horadelaverdad,0.1
jorgeecamperos,0.75
PilarBuitrago7,0.15
MaiteSilvaa_,0.5
MargaritaArino,0.1
nelsonarturo3g,0.02
ricardobonillag,0.5
87_mml,0.1
DHackermans,0.5
Gustavo79851479,0.05
FertutoA,0.05
claroo_scuro,0.15
HctorFabioM1,0.03
Ayaxscorpio,0.1
MaElviraSalazar,0.5
AlonsoL22631437,0.1
RenataSokolov,0.1
Ocajai,0.5
gariargel,0.75
Miventana_,0.15
SoloDiegoF,0.1
kcv,0.5
Eclides3,0.5
manuelpreocupad,0.15
DrakeRo57712152,0.5
Amaca316,0.1
martin25476359,0.02
mrgutierrezm,0.2
Acuna_Oscar,0.01
FerneyL11867460,0.1
DCoronell,0.5
josemi422,0.05
omairo80,0.05
DANIELROSITO528,0.5
EliansTorres,0.75
LuisCalderon951,0.05
euscategui1,0.5
knoxeloyente,0.18
codiguillos,0.05
DePacotilla,0.5
IdaniaChirinos,0.5
Exiliomiami2,0.75
LuisaposadaO,0.21
ClaudiaWitte7,0.75
ElMinarca,0.1
RicardboDiaz,0.85
luisarapez,0.75
77Pitta,0.1
mccnoticias,0.1
Horadelaverdad,0.25
Wayunkerra,0.5
rvbeltran,0.45
PilarBuitrago7,0.1
MaiteSilvaa_,0.5
ediherrerac,0.1
ricardobonillag,0.5
PartidoLiberal,0.5
DHackermans,0.5
AndresCarrilloM,0.21
FertutoA,0.1
claroo_scuro,0.1
julionino460,0.9
HctorFabioM1,0.1
willyagudeloc,0.5
Ayaxscorpio,0.1
fernand5610997,0.15
MaElviraSalazar,0.5
AlonsoL22631437,0.1
jcardonaleon,0.25
Ocajai,0.5
Gustavo67205841,0.1
Miventana_,0.1
Austrians1997,0.25
kcv,0.5
juanjose271310,0.1
manuelpreocupad,0.1
momelavi,0.1
Amaca316,0.1
jorgerojas2022,0.25
mrgutierrezm,0.25
Jokovic08798705,0.03
FerneyL11867460,0.1
missmentesucia,0.1
omairo80,0.1
totorangelm,0.1
LuisCalderon951,0.1
jorgeotaloraang,0.5
knoxeloyente,0.22
DePacotilla,0.5
CorrillosR,0.5
Exiliomiami2,0.8
ElMinarca,0.02
octavio40094487,0.05
luisarapez,0.75
mccnoticias,0.1
LuisPanqueva6,0.85
Wayunkerra,0.5
georgereyesa,0.25
rvbeltran,0.75
EfrainJose_MM,0.5
JorgeMahech,0.05
ediherrerac,0.1
PartidoLiberal,0.5
FansJER,0.5
AndresCarrilloM,0.21
HENRYAL62303869,0.9
Fredy8142Fredy,0.5
julionino460,0.85
cjmoncada,0.14
willyagudeloc,0.5
CarlosEdward_O,0.1
chucho048817,0.05
fernand5610997,0.12
jcardonaleon,0.25
AlternativaCol,0.33
wilsonariasc,0.02
Gustavo67205841,0.21
Austrians1997,0.21
mclausalgado,0.21
juanjose271310,0.1
InsOFicial,0.5
momelavi,0.1
SBeabis,0.1
jorgerojas2022,0.25
OSCARGCELIS,0.1
Jokovic08798705,0.0
missmentesucia,0.15
totorangelm,0.1
jorgeotaloraang,0.5
juancmaringomez,0.9
CorrillosR,0.5
CorpoturismoCTG,0.5
octavio40094487,0.05
CeDemocratico,0.1
LuisPanqueva6,0.85
JuanpaTorrs,0.5
georgereyesa,0.25
Nicolas8929158,0.05
EfrainJose_MM,0.5
Agencia_API,0.25
JorgeMahech,0.05
FansJER,0.5
Gildard85733267,0.85
HENRYAL62303869,0.9
clibalcon,0.85
Fredy8142Fredy,0.5
shello1975,0.25
cjmoncada,0.17
Mafer84156181,0.25
CarlosEdward_O,0.13
Luisfegoa,0.05
Alcaloide1528,0.75
chucho048817,0.02
opmljp,0.21
AlternativaCol,0.25
runrunes111,0.25
wilsonariasc,0.21
defrankns,0.25
mclausalgado,0.21
GildelaCruzB,0.5
InsOFicial,0.63
pensionateabc,0.5
rafaelmar2018,0.1
SBeabis,0.12
CarlosD24565226,0.75
jaime_rueda,0.21
OSCARGCELIS,0.1
Paisademedellin,0.25
gago27_,0.1
gutijuancg,0.5
juancmaringomez,0.85
FandinoCamargo,0.9
CorpoturismoCTG,0.5
yamilebarbosaz,0.0
CeDemocratico,0.1
BENDITA___,0.05
JuanpaTorrs,0.5
Nicolas8929158,0.05
opardor,0.5
johnfredy_john,0.1
Agencia_API,0.5
Gildard85733267,0.85
MJDuzan,0.75
clibalcon,0.75
ksanchezdi,0.1
shello1975,0.25
leonard67074700,0.03
Mafer84156181,0.75
cardicast,0.0
saludhernandez,0.5
pongasealdia,0.5
LucellyZuluaga1,0.1
SaVanessCa,0.1
SergioGuzmanE,0.5
Luisfegoa,0.05
cadaco03,0.85
Alcaloide1528,0.75
opmljp,0.21
quiquevargasar,0.07
runrunes111,0.25
Jagus30946795,0.75
defrankns,0.25
GildelaCruzB,0.5
b_pahe,0.05
pensionateabc,0.5
estebanpie,0.75
rafaelmar2018,0.1
JuanMan16418642,0.05
CarlosD24565226,0.75
_JAYAL_,0.5
jaime_rueda,0.25
Paisademedellin,0.1
Joshua12020,0.05
DonDerecho__,0.5
gago27_,0.05
JAGS_CALI,0.9
gutijuancg,0.5
SilvaSanFelipe,0.05
CarlosFGalan,0.5
FandinoCamargo,0.75
Delzol12,0.01
yamilebarbosaz,0.0
BENDITA___,0.1
juanpanarvae,0.85
opardor,0.5
DonDaniloRocin,0.25
johnfredy_john,0.05
MJDuzan,0.8
JuancGuerrero15,0.85
ksanchezdi,0.13
MauBaMe,0.12
riayalar,0.9
CarrenoMor8284,0.1
leonard67074700,0.1
carosanchez8,0.1
cardicast,0.05
Sintraprevi,0.5
saludhernandez,0.5
pongasealdia,0.5
LucellyZuluaga1,0.05
SaVanessCa,0.1
SergioGuzmanE,0.5
Jacs_MIL,0.1
cadaco03,0.75
azul_salem,0.5
ludimcubides,0.07
quiquevargasar,0.1
Jagus30946795,0.85
laorem60,0.05
b_pahe,0.21
SorayaFlorezE,0.92
estebanpie,0.75
Carolinaqos,0.05
JuanMan16418642,0.1
UNGRD,0.5
_JAYAL_,0.5
Orlando921543,0.85
Joshua12020,0
Cadingenieria1,0.21
DonDerecho__,0.5
Tobeor2023,0.1
JAGS_CALI,0.9
mariapaolalugo2,0.2
SilvaSanFelipe,0.03
SarayGonzalez95,0.1
CarlosFGalan,0.5
SofiaRo92764401,0.8
Delzol12,0.02
juanpanarvae,0.8
DANIELSABOGALG2,0.85
DonDaniloRocin,0.25
Ex_influencer,0.1
JuancGuerrero15,0.85
frl50,0.1
JesusRe20438017,0.75
MauBaMe,0.12
mauriciocharlie,0.1
riayalar,0.9
de_menese,0.1
CarrenoMor8284,0.1
Nicolasriveragz,0.25
carosanchez8,0.1
Sintraprevi,0.5
jpnorena7,0.75
JavierC94478231,0.1
Jacs_MIL,0.21
hensiskan,0.5
azul_salem,0.5
CarlosTorresVel,0.02
FUNDAGAN,0.5
ludimcubides,0.1
FueraPetro2026,0.05
JorgeiiGonzalez,0.1
laorem60,0.03
cmvillav88,0.1
SorayaFlorezE,0.9
Carolinaqos,0.03
uchima1983,0.1
UNGRD,0.5
Orlando921543,0.85
JosManu02440993,0.75
Rogeliojramos,0.08
Cadingenieria1,0.03
Tobeor2023,0.1
sergioamaris,0.1
mariapaolalugo2,0.25
AForeroM,0.06
SarayGonzalez95,0.1
HoyNoticias2,0.1
JuanMikelodiun,0.1
SofiaRo92764401,0.8
AlvaroPoGonzlez,0.75
DANIELSABOGALG2,0.9
DeLargeAlexx,0.03
Ex_influencer,0.1
EdderJimenez11,0.1
sergioariasb,0.5
frl50,0.03
FranciaMontana,0.75
JesusRe20438017,0.9
Kap___i,0.1
mauriciocharlie,0.1
gustav1917,0.9
de_menese,0.1
DavidBocanegra,0.01
Nicolasriveragz,0.21
jpnorena7,0.75
JavierC94478231,0.1
hensiskan,0.75
DISSANTI,0.5
CarlosTorresVel,0.0
FUNDAGAN,0.5
marcofjc123,0.1
FueraPetro2026,0.05
NoaladobleMoral,0.07
JorgeiiGonzalez,0.1
maritzaareva,0.05
cmvillav88,0.05
EliCL24,0.05
uchima1983,0.1
emi_marcel,0.2
JosManu02440993,0.75
NancyLopez70628,0.1
Rogeliojramos,0.1
alejoocampog,0.75
orestrepovera,0.15
sergioamaris,0.15
Alfonso19742009,0.25
EstelaGomezGom2,0.05
GevaudanOf,0.05
AForeroM,0.0
naty_bull,0.05
HoyNoticias2,0.1
NunezBertilda,0.9
rios_abg,0.05
JuanMikelodiun,0.03
elchichan1,0.1
AlvaroPoGonzlez,0.75
DeLargeAlexx,0.03
rmcol68,0.1
EdderJimenez11,0.1
jotace1604,0.1
sergioariasb,0.5
FranciaMontana,0.8
BaricharasThe,0.1
Kap___i,0.1
Acollazos47,0.5
gustav1917,0.85
DavidBocanegra,0.1
ManoloMorenoM,0.1
DISSANTI,0.5
marcofjc123,0.05
NoaladobleMoral,0.0
PactoHistorico,0.5
maritzaareva,0.05
EliCL24,0.1
herliks85,0.05
emi_marcel,0.12
elizafa2104,0.75
NancyLopez70628,0.2
JuanPabloEcheF,0.15
alejoocampog,0.75
Villacrucita,0.07
pitirre7,0.02
orestrepovera,0.15
wilmar_33,0.85
Alfonso19742009,0.25
sintexcali,0.05
EstelaGomezGom2,0.1
GevaudanOf,0.05
FranklinCastaV,0.5
QuePasoAntesDe,0.05
naty_bull,0.1
blankitarojol54,0.21
sanchez_so91752,0.1
NunezBertilda,0.9
DeLosQueCallan,0.1
rios_abg,0.03
InversionesCol5,0.15
elchichan1,0.1
SenadoGovCo,0.75
rmcol68,0.1
jotace1604,0.05
AntonioNova9,0.1
BaricharasThe,0.1
dolceytorresr,0.9
Acollazos47,0.5
JFernandoGRE,0.1
ManoloMorenoM,0.1
PactoHistorico,0.5
rafapachecop,0.1
herliks85,0.05
Laurajimen63608,0.85
elizafa2104,0.75
JuanPabloEcheF,0.1
Villacrucita,0.05
ArmDianamaria,0.1
pitirre7,0.03
andrescamachom_,0.85
wilmar_33,0.85
sintexcali,0.05
ecomedico1,0.15
FranklinCastaV,0.5
QuePasoAntesDe,0.1
enescla,0.05
blankitarojol54,0.15
TROCHAPURACOL,0.05
sanchez_so91752,0.1
GabrielRondonO,0.5
Natura1l,0.1
exceleord,0.12
DeLosQueCallan,0.1
perezs2610,0.15
InversionesCol5,0.15
LaVozDelDerecho,0.5
SenadoGovCo,0.5
rafa_cardenas_p,0.15
AntonioNova9,0.1
mello1301,0.1
dolceytorresr,0.9
JGalloComunes,0.9
el_conciliador_,0.05
JFernandoGRE,0.15
jersorte,0.5
rafapachecop,0.01
Laurajimen63608,0.85
ArmDianamaria,0.1
roberthcastano,0.5
andrescamachom_,0.85
JhonAlm91767052,0.1
ecomedico1,0.1
JulianCaRuiz,0.1
enescla,0.05
DieFernando,0.1
Karibeno721179,0.1
TROCHAPURACOL,0.1
GabrielRondonO,0.5
Proscrit0,0.05
Natura1l,0.05
exceleord,0.11
UnCaricaturista,0.5
perezs2610,0.1
LaVozDelDerecho,0.5
HenryGonza35238,0.03
rafa_cardenas_p,0.1
PepeRF31,0.75
mello1301,0.1
JGalloComunes,0.9
el_conciliador_,0.05
jersorte,0.5
roberthcastano,0.5
cavelasquezl,0.27
JhonAlm91767052,0.02
SantaLucia83023,0.5
JulianCaRuiz,0.05
Maojero,0.25
DieFernando,0.25
liontef,0.05
Karibeno721179,0.1
osgalvez,0.08
Proscrit0,0.05
davidforero33,0.1
UnCaricaturista,0.5
HenryGonza35238,0.03
jmkarg,0.5
PepeRF31,0.75
cavelasquezl,0.21
alexandero76073,0.05
SantaLucia83023,0.5
Maojero,0.25
porfiriohe,0.5
liontef,0.01
RamaJudicialCol,0.5
osgalvez,0.05
lvaro71440700,0.03
TeusaquiyorkerL,0.75
casallasfr,0.1
davidforero33,0.1
facisouniandes,0.5
jmkarg,0.5
alexandero76073,0.03
MariaCl98206199,0.05
07259e9ad8b64e4,0.25
porfiriohe,0.5
bogotano_comun,0.03
JimmyAlvaraGOD,0.05
RamaJudicialCol,0.5
Cheperman44,0.15
lvaro71440700,0.0
SergioF97589044,0.1
TeusaquiyorkerL,0.75
casallasfr,0.01
facisouniandes,0.5
Araoz26,0.05
MariaCl98206199,0.1
NandoEscobarVe,0.12
07259e9ad8b64e4,0.45
spreaker,0.5
bogotano_comun,0.05
raminario91229,0.1
JimmyAlvaraGOD,0.05
JERobledo,0.1
Cheperman44,0.21
Gabigum,0.5
SergioF97589044,0.1
milohe,0.25
Araoz26,0.05
JohanSGamboa,0.1
demyslara1,0.2
ruthlar67819010,0.65
NandoEscobarVe,0.1
spreaker,0.5
dtoro75,0.1
Juansuga07J5737,0.15
raminario91229,0.21
92712VmV,0.05
jomagora5,0.25
nomasbandidos,0.1
JuanitaGomezL,0.5
DCNNA,0.15
josemikeromero,0.15
JERobledo,0.12
HarolNieto,0.5
Gabigum,0.5
Osvaldo01237238,0.85
milohe,0.21
supersolidaria_,0.75
xtianjdeere,0.1
JohanSGamboa,0.1
demyslara1,0.1
FranklinDurn8,0.5
ruthlar67819010,0.67
dtoro75,0.05
JoseJorgeMadera,0.25
Juansuga07J5737,0.15
Belsy70928987,0.85
92712VmV,0.1
jomagora5,0.25
Epadillabarros,0.02
nomasbandidos,0.1
inviable28,0.85
JuanitaGomezL,0.5
hahahanamontana,0.25
DCNNA,0.1
LEFIGAROII,0.1
josemikeromero,0.1
HArtDM14,0.01
HarolNieto,0.5
JavierMH20f,0.35
yolimaytulimon,0.85
tentativadtrade,0.5
AndresMartinezz,0.1
Osvaldo01237238,0.85
sindicatop67526,0.85
supersolidaria_,0.75
alvesga11,0.5
xtianjdeere,0.5
Caliche197,0.15
FranklinDurn8,0.5
ccallerave1,0.1
JoseJorgeMadera,0.25
Fabvelpul,0.8
Belsy70928987,0.75
omarhmancera,0.05
Epadillabarros,0.02
lilestos,0.1
inviable28,0.85
Gom6022Ec,0.1
hahahanamontana,0.25
JulyPerezH,0.75
LEFIGAROII,0.1
frederickvander,0.03
HArtDM14,0.02
JjMoncadaC,0.03
JavierMH20f,0.4
yolimaytulimon,0.85
Fedegan,0.5
tentativadtrade,0.5
quiquerincon,0.05
AndresMartinezz,0.1
AArias79294,0.1
sindicatop67526,0.85
MalagonLeonardo,0.0
alvesga11,0.5
MglBTA13,0.25
Caliche197,0.1
claudiapiguzma,0.05
JohnJGutierrezV,0.21
ccallerave1,0.15
Fabvelpul,0.75
AndresCalleA,0.5
Democrac1a,0.15
omarhmancera,0.1
Martin61234785,0.1
lilestos,0.1
Gom6022Ec,0.15
g3rm4n177503,0.9
JulyPerezH,0.75
villalba_c3620,0.1
frederickvander,0.11
elizandov,0.5
FernandoArangu9,0.75
ferrerobert1968,0.03
andresguerraho,0.03
JjMoncadaC,0.1
Fedegan,0.5
quiquerincon,0.05
AArias79294,0.1
MalagonLeonardo,0.0
MintrabajoCol,0.93
MglBTA13,0.25
JDPSalsa,0.21
claudiapiguzma,0.05
mauro9782,0.21
JohnJGutierrezV,0.25
criticolombia,0.05
AndresCalleA,0.5
Camilo_S75,0.02
Democrac1a,0.21
dianaflh,0.25
Danielbricen,0.15
PedroNikolasM,0.1
j79872076,0.05
martac_tapia,0.75
Martin61234785,0.05
CARLOS3CARRILLO,0.1
g3rm4n177503,0.9
luenbaes053,0.75
villalba_c3620,0.15
EclectikaD,0.1
elizandov,0.5
Wilson_Suaza_,0.3
william16011964,0.5
FernandoArangu9,0.25
Alcaldiakennedy,0.5
ferrerobert1968,0.1
Alberto61441501,0.5
andresguerraho,0.1
sandramos07,0.5
rocalisvi,0.85
MintrabajoCol,0.85
JDPSalsa,0.2
LuisFelipe35727,0.85
mauro9782,0.21
Leandro22559749,0.1
criticolombia,0.05
adolrivera,0.0
CURTlSEOso,0.1
Camilo_S75,0.05
faustoavila10,0.9
dianaflh,0.25
totteyepes,0.21
Danielbricen,0.15
santigar14,0.1
PedroNikolasM,0.1
M_AaronZ,0.1
j79872076,0.02
ingabrielc,0.05
martac_tapia,0.75
Jorgeivan0309,0.1
CARLOS3CARRILLO,0.1
ChurioFlor,0.03
luenbaes053,0.75
ManuelDZapata,0.1
EclectikaD,0.1
ElRepublicano09,0.03
Wilson_Suaza_,0.5
caromejiao,0.05
william16011964,0.5
Alxderxan07,0.21
Alcaldiakennedy,0.5
gabrielalonso09,0.5
Alberto61441501,0.5
sandramos07,0.5
NoticiasBQ,0.1
rocalisvi,0.85
NoticiasCaracol,0.25
LuisFelipe35727,0.85
siete_1_r_4_5_h,0.5
Leandro22559749,0.1
perche_jonathan,0.1
adolrivera,0.05
betosola3344,0.75
camiloarias663,0.1
Angelaleonreyes,0.05
MarioCo90742186,0.1
Mattica7,0.1
Nicolasmelo1181,0.05
CURTlSEOso,0.1
NoticieroSac,0.5
faustoavila10,0.95
totteyepes,0.1
CarrilloGe61998,0.1
santigar14,0.1
britcham_col,0.5
bedoya_d,0.2
M_AaronZ,0.1
jcjaramillos,0.05
ingabrielc,0.05
PuertAna,0.05
Jorgeivan0309,0.03
ChurioFlor,0.15
CConstitucional,0.5
ManuelDZapata,0.21
johnmartin1024,0.25
ElRepublicano09,0.1
LibreJuancho,0.02
caromejiao,0.03
franfer050,0.1
Alxderxan07,0.21
gabrielalonso09,0.5
aparicio_sandra,0.1
NoticiasBQ,0.1
Leog3502,0.1
NoticiasCaracol,0.2
CPolUniandes,0.5
siete_1_r_4_5_h,0.5
gustavopetro,0.5
perche_jonathan,0.0
Mechis_05,0.5
betosola3344,0.75
Bluelilak,0.75
camiloarias663,0.1
LeylaProfe,0.75
Angelaleonreyes,0.1
SalomonFer58367,0.21
MarioCo90742186,0.04
Kamyla2023,0.1
Mattica7,0.1
asonalprensa,0.5
Nicolasmelo1181,0.0
lfsanchezme,0.1
NoticieroSac,0.5
CARFColombia,0.5
SofyCasas_,0.1
CarrilloGe61998,0.1
estoescambio,0.5
britcham_col,0.5
bedoya_d,0.15
Antonio23091824,0.85
jcjaramillos,0.0
EricaBa70445061,0.21
PuertAna,0.09
MartinDijo,0.9
CConstitucional,0.5
FabianDaGR,0.05
johnmartin1024,0.05
Francis71306115,0.25
LibreJuancho,0.1
franfer050,0.03
hedhos,0.0
Alejandro212425,0.9
aparicio_sandra,0.1
OpininPolitica,0.12
Leog3502,0.15
CarboneroJuan1,0.1
CPolUniandes,0.5
BlancaD24056009,0.25
gustavopetro,0.5
AndresC102030,0.05
Mechis_05,0.5
Decima_Realidad,0.85
Bluelilak,0.75
yimquincas,0.1
CasandroMartell,0.05
LeylaProfe,0.75
migueljneira,0.85
SalomonFer58367,0.25
cancinodiegoa,0.5
Kamyla2023,0.1
PauloCMeloV,0.25
asonalprensa,0.5
DeGreiff,0.05
lfsanchezme,0.05
_JohnnyRamiirez,0.75
CARFColombia,0.5
Isamartinez789,0.75
SofyCasas_,0.1
estoescambio,0.25
Gustavo84230116,0.5
Antonio23091824,0.85
tomilin1971,0.1
EricaBa70445061,0.21
edgarobandober1,0.1
MartinDijo,0.93
ivansan,0.9
FabianDaGR,0.15
TavoAlvar,0.85
Francis71306115,0.25
AugustoPeres19,0.75
hedhos,0.25
Alejandro212425,0.9
Frentera1,0.1
OpininPolitica,0.15
CarboneroJuan1,0.1
BlancaD24056009,0.25
AndresC102030,0.05
VivianaVargasVi,0.5
EndemikaL,0.75
Decima_Realidad,0.85
orlandaguirre,0.25
yimquincas,0.1
CasandroMartell,0.05
LevyRincon,0.87
migueljneira,0.85
FundLibreMente,0.1
cancinodiegoa,0.5
Ferfanpe1974,0.05
PauloCMeloV,0.75
esegura2,0.1
DeGreiff,0.05
JoseAlirioMoli5,0.15
_JohnnyRamiirez,0.9
AgenciaTierras,0.9
rjpcomunero,0.12
Isamartinez789,0.85
Gustavo84230116,0.5
EcheverriVasq,0.1
tomilin1971,0.1
LuisACo83622155,0.1
edgarobandober1,0.1
ivansan,0.85
TavoAlvar,0.85
secheverri,0.1
AugustoPeres19,0.75
petrogustavo,0.87
Frentera1,0.1
andressc86,0.15
VivianaVargasVi,0.5
LFSarmientoV,0.1
lucerokmartinez,0.1
EndemikaL,0.75
Marcela32250762,0.02
orlandaguirre,0.25
Ferchitomijo,0.25
LevyRincon,0.85
lcvelez,0.0
FundLibreMente,0.03
vanessabar20522,0.8
fastdna3344,0.05
Ferfanpe1974,0.1
Dr_Soul2Squeeze,0.85
esegura2,0.05
edemohem,0.1
JoseAlirioMoli5,0.15
jotapias,0.1
AgenciaTierras,0.9
Mamertos0,0.1
rjpcomunero,0.15
EcheverriVasq,0.05
haseoakuma,0.5
LuisACo83622155,0.2
secheverri,0.1
luciverp,0.21
petrogustavo,0.83
pioniersgeest,0.5
andressc86,0.15
Calamardo2060,0.05
LFSarmientoV,0.1
josejulianolar1,0.5
lucerokmartinez,0.05
CruxJota,0.85
Marcela32250762,0.1
Nicodgf2005,0.11
Ferchitomijo,0.25
PenaLeguia,0.85
lcvelez,0.03
Tappiser42,0.05
vanessabar20522,0.87
sal87167,0.05
fastdna3344,0.1
JoseDanielDiazR,0.1
Dr_Soul2Squeeze,0.85
Osaqui12Oscar,0.1
edemohem,0.1
UnitumPack,0.1
jotapias,0.1
MkgSense,0.21
Mamertos0,0.03
DIEGOGALLO3,0.05
haseoakuma,0.5
luciverp,0.1
pioniersgeest,0.5
FabianGaray19,0.9
Calamardo2060,0.0
Ricardo89439744,0.9
josejulianolar1,0.5
Rem_007,0.75
CruxJota,0.85
DonIzquierdo_,0.75
Nicodgf2005,0.1
DanielM15170876,0.85
PenaLeguia,0.85
Tappiser42,0.05
DilianFrancisca,0.5
sal87167,0.1
MovFRATRES,0.5
JoseDanielDiazR,0.1
Osaqui12Oscar,0.1
PizarroMariaJo,0.75
Milenarvaezl,0.5
Maurici48959063,0.1
UnitumPack,0.1
Gzalopop,0.75
carlos21102014,0.5
MkgSense,0.21
DIEGOGALLO3,0.1
Albertocuerquia,0.1
FabianGaray19,0.85
BotteroJuan95,0.1
Ricardo89439744,0.9
Rem_007,0.75
otrovagomass,0.75
duquevan,0.03
DonIzquierdo_,0.75
CarlosJPizrro,0.5
trianasusy,0.85
DanielM15170876,0.85
feli28909,0.1
DilianFrancisca,0.5
actualicese,0.25
MovFRATRES,0.5
juanjuanita27,0.15
PizarroMariaJo,0.75
JaimeAlHdezV,0.15
MiguelUribeT,0.15
Rpavaalva,0.85
Milenarvaezl,0.5
ClaramenteX2,0.1
Maurici48959063,0.1
ecardenasposso,0.1
Gzalopop,0.85
jjaramilloblt,0.01
carlos21102014,0.5
sanke30,0.02
Albertocuerquia,0.03
LuisMar49141307,0.9
BotteroJuan95,0.1
El_Rotativo_D,0.5
otrovagomass,0.85
Anitta__Alvarez,0.1
duquevan,0.1
PocoRabonne,0.2
CarlosJPizrro,0.5
marioar30,0.1
trianasusy,0.85
MelloGiovanniGP,0.05
feli28909,0.1
Javi_DuartEcol,0.21
actualicese,0.21
juanjuanita27,0.15
A46570962,0.1
JaimeAlHdezV,0.15
JohnMar82166298,0.05
MiguelUribeT,0.1
FelixJPatino,0.5
Rpavaalva,0.75
PartidoASI_,0.5
carlosmejia26,0.02
ClaramenteX2,0.04
Alfredo16352316,0.1
ecardenasposso,0.05
ktina_mejia,0.1
jjaramilloblt,0.01
Ainhoa44,0.75
sanke30,0.05
escobaralejo,0.03
LuisMar49141307,0.9
algalvisa26,0.1
El_Rotativo_D,0.5
CarlosIvnGamba1,0.15
Ingeniero_nomas,0.5
Anitta__Alvarez,0.1
liberalesbase,0.85
PocoRabonne,0.15
marioar30,0.1
CarlosAAguilar,0.21
MelloGiovanniGP,0.1
vhvelez68,0.1
Javi_DuartEcol,0.21
camaleon388,0.1
A46570962,0.1
agroalexander,0.25
JohnMar82166298,0.02
LuisFerMu_,0.5
FelixJPatino,0.5
ModoSaSin,0.85
PartidoASI_,0.5
rifrafra,0.05
carlosmejia26,0.05
LuisGuillermoVl,0.25
Alfredo16352316,0.1
japilopi42,0.03
ktina_mejia,0.03
hader_moya,0.85
Ainhoa44,0.75
escobaralejo,0.2
algalvisa26,0.05
CarlosIvnGamba1,0.1
OrneTobar,0.5
Ingeniero_nomas,0.5
EPatriota2016,0.15
liberalesbase,0.9
CarlosAAguilar,0.03
TalithaKummm,0.05
vhvelez68,0.15
eltipoaquel01,0.5
camaleon388,0.1
CarlArthurKing,0.1
agroalexander,0.25
LuisFerMu_,0.5
ModoSaSin,0.85
rifrafra,0.08
LuisGuillermoVl,0.25
jaimehmejia,0.1
japilopi42,0.21
HAMILTONFLM,0.1
hader_moya,0.85
OrneTobar,0.5
AlvaroV62502520,0.02
EPatriota2016,0.15
Johnatan_torres,0.21
TalithaKummm,0.05
kienyke,0.75
eltipoaquel01,0.5
mondra723,0.25
CarlArthurKing,0.1
82varuli,0.05
jaimehmejia,0.01
Mar75Lopez,0.5
HAMILTONFLM,0.1
LeonorCuervo,0.85
AlvaroV62502520,0.1
hjavierrf,0.01
Johnatan_torres,0.21
Fennix73,0.05
kienyke,0.75
diariodelhuila,0.5
mondra723,0.25
DELIRIO1VERDE,0.1
82varuli,0.05
MAndreaNieto,0.21
Mar75Lopez,0.5
Peter_Daza,0.05
LeonorCuervo,0.9
hernan01003,0.1
hjavierrf,0.05
pelinegra0818,0.1
Fennix73,0.21
georgemolos,0.5
diariodelhuila,0.5
SimonMontoyaA,0.05
LALizc56296,0.1
DELIRIO1VERDE,0.03
PradaHumberto,0.1
MAndreaNieto,0.21
brunitoquillero,0.21
Antonio29476981,0.75
Peter_Daza,0.05
hernan01003,0.05
xfiloalejo,0.1
pelinegra0818,0.03
InesHenao137872,0.05
georgemolos,0.5
SimonMontoyaA,0.05
Jakmorero,0.05
LALizc56296,0.1
AlejoMedina1998,0.5
PradaHumberto,0.05
brunitoquillero,0.21
Antonio29476981,0.85
SaliveJorge,0.03
xfiloalejo,0.03
jorge184571530,0.05
InesHenao137872,0.21
Jakmorero,0.05
ArcilaRobinson,0.1
noticucuta,0.1
AlejoMedina1998,0.5
SaliveJorge,0.03
Kalomagno2021,0.1
jorge184571530,0.1
GustavoBolivar,0.82
ArcilaRobinson,0.1
noticucuta,0.05
Colcheck,0.25
Kalomagno2021,0.1
Victormsalcedog,0.5
Liliana82983026,0.25
GustavoBolivar,0.86
cestobar,0.1
Colcheck,0.2
Victormsalcedog,0.5
EDGARHe67769446,0.85
Liliana82983026,0.25
albeirobejarano,0.21
cestobar,0.1
PCambioRadical,0.03
EDGARHe67769446,0.85
brav_ah,0.1
albeirobejarano,0.21
PCambioRadical,0.03
Altrujillo2301,0.15
hernan_bahamon_,0.02
consejodeestado,0.5
brav_ah,0.05
Altrujillo2301,0.25
hernan_bahamon_,0.05
leandro8110,0.05
opiniones96341,0.3
leandro8110,0.05
opiniones96341,0.25
JOSEARA38434806,0.5
ArielAnaliza,0.5
avifayala,0.1
JOSEARA38434806,0.5
Esther55027240,0.25
ArielAnaliza,0.5
JOVENCD,0.03
avifayala,0.1
Drumurok,0.05
juanda158392211,0.85
Esther55027240,0.25
DanielSanin,0.1
JOVENCD,0.02
juancaca23,0.11
Drumurok,0.12
Mafalda_2020_,0.21
juanda158392211,0.75
ObservatorioHi2,0.85
DanielSanin,0.1
manuelR25906528,0.1
juancaca23,0.03
FreyreJaime,0.12
canalcartagena,0.5
Mafalda_2020_,0.2
lhromerom,0.1
ObservatorioHi2,0.85
ClaimHumanity,0.21
manuelR25906528,0.1
FreyreJaime,0.1
canalcartagena,0.5
Scarpetta_A,0.85
lhromerom,0.2
mljavieramos,0.1
ClaimHumanity,0.2
Adriana73203772,0.25
Scarpetta_A,0.85
soy_yo_5,0.75
mljavieramos,0.1
Adriana73203772,0.75
soy_yo_5,0.85
BertaBeltranCD,0.21
BertaBeltranCD,0.21
jesussabogalm,0.12
Biciperiodista,0.1
burbujapolitica,0.5
Bravosabre,0.15
phill8484,0.21
jesussabogalm,0.02
ilegi2,0.02
Biciperiodista,0.1
CaracolTV,0.5
penaloza_amparo,0.85
burbujapolitica,0.5
fabianvar,0.02
Bravosabre,0.1
CamiloW56549893,0.03
phill8484,0.21
ilegi2,0.05
over_acosta,0.1
CaracolTV,0.5
williambolivar7,0.1
JEAM_79,0.25
penaloza_amparo,0.85
fabianvar,0.05
CGR_Colombia,0.5
PattyGallegosNY,0.25
CamiloW56549893,0.05
ThomasNoApostol,0.1
over_acosta,0.1
williambolivar7,0.02
leopovvi,0.95
HERACLITOL,0.9
JEAM_79,0.15
CGR_Colombia,0.5
PattyGallegosNY,0.25
felixjota1,0.1
ThomasNoApostol,0.1
cutcolombia,0.5
leopovvi,0.93
HERACLITOL,0.88
CarolinaMadridT,0.1
FlemingDriller,0.2
nvelez8737,0.05
felixjota1,0.1
IvanDuque,0.5
cutcolombia,0.5
JuanDav51249722,0.15
CarolinaMadridT,0.05
maldingasea,0.1
FlemingDriller,0.25
xfranco22,0.5
nvelez8737,0.1
IvanDuque,0.5
AmbientalDavidR,0.0
JuanDav51249722,0.1
AlejoCCGC,0.1
maldingasea,0.15
JULIOTORRESB3,0.12
xfranco22,0.5
AmbientalDavidR,0.1
DarioTL51,0.15
GABOZARRATE,0.15
AlejoCCGC,0.1
JULIOTORRESB3,0.02
Carmen43267561,0.9
DarioTL51,0.2
yeisonbet,0.85
GABOZARRATE,0.1
LCPULGARIN,0.75
Carmen43267561,0.85
CarlosG13011753,0.1
Visi0naria,0.5
RubioReales,0.12
maosharpie,0.25
yeisonbet,0.75
alejodm,0.21
LCPULGARIN,0.9
CarlosG13011753,0.2
Alexrolapiz1,0
Visi0naria,0.5
RubioReales,0.05
PorvenirOficial,0.5
maosharpie,0.21
jfcmacro,0.01
ElCuajinais_,0.5
alejodm,0.25
Alexrolapiz1,0.15
PorvenirOficial,0.5
batier_,0.5
jfcmacro,0.01
Juapa95973399,0.5
ElCuajinais_,0.5
MAPU789,0.05
batier_,0.5
Gmo_Leal,0.21
Juapa95973399,0.5
lasillavacia,0.55
MAPU789,0.1
abrahamkatime,0.85
Gmo_Leal,0.4
FLAKKOLOMBIA,0.4
lasillavacia,0.58
henryloz23,0.05
abrahamkatime,0.85
MadameSiimone,0.5
NavarroGrisales,0.1
FLAKKOLOMBIA,0.25
1Utopia_Social,0.65
henryloz23,0.05
JorgeLe55151827,0.15
MadameSiimone,0.5
CamaraColombia,0.5
NavarroGrisales,0.08
PedroOrtega91,0.1
1Utopia_Social,0.67
FeremilGonzalez,0.25
JorgeLe55151827,0.05
pp_sirg,0.05
CamaraColombia,0.5
JhonCaldas,0.05
PedroOrtega91,0.1
JEArangoV,0.1
FeremilGonzalez,0.25
pp_sirg,0.1
ImontanoLazala,0.1
JhonCaldas,0.1
solofutbol80,0.1
JEArangoV,0.15
JuanCar04624072,0.21
ImontanoLazala,0.16
LigiaBerri28054,0.25
solofutbol80,0.1
Mafaldo57,0.25
JuanCar04624072,0.1
LigiaBerri28054,0.25
ELTIEMPO,0.25
Mafaldo57,0.25
cavillamarinp,0.1
ELTIEMPO,0.5
cavillamarinp,0.1
nohoritahdeza,0.8
nohoritahdeza,0.75
Cordobes8023,0.1
Cordobes8023,0.03
Nanda83079840,0.1
Nanda83079840,0.1
Ricardo08780243,0.85
Ricardo08780243,0.9
Sebas__UP,0.05
Sebas__UP,0.05
RTVCnoticias,0.25
RTVCnoticias,0.5
SalsaChato,0.0
SalsaChato,0.0
jaironeirac,0.1
jaironeirac,0.1
CARLOSALVAREZM2,0.05
CARLOSALVAREZM2,0.1
WilsonJ86986937,0.03
WilsonJ86986937,0.1
ROPAVE72,0.3
LiberalM329,0.5
ROPAVE72,0.15
donfer8,0.05
LiberalM329,0.5
adejtc,0.1
donfer8,0.1
WilsonToncel4,0.8
raitello,0.1
adejtc,0.2
josancheza,0.03
WilsonToncel4,0.85
raitello,0.05
omeara6466,0.03
josancheza,0.1
LuisMan81373260,0.1
omeara6466,0.05
ELABEJON2,0.5
LuisMan81373260,0.1
ELABEJON2,0.5
fyolimavargas,0.1
mecargaelchango,0.05
fyolimavargas,0.1
MANDOJAIME,0.05
mecargaelchango,0.03
ArrolloKei54910,0.85
RafaNietoLoaiza,0.03
MANDOJAIME,0.05
raulariza32,0.12
ArrolloKei54910,0.85
RafaNietoLoaiza,0.1
itszam_a,0.9
raulariza32,0.05
Kazandratcl,0.85
itszam_a,0.85
NMorenoB,0.5
Kazandratcl,0.85
LeonidCruz,0.1
Jaimperezl,0.1
NMorenoB,0.5
NoticiasRCN,0.25
LeonidCruz,0.1
juangogiraldo,0.09
Jaimperezl,0.21
willsanyu,0.9
honohenriquez,0.1
NoticiasRCN,0.37
juandaospi_1977,0.05
juangogiraldo,0.08
gabrielsilvaluj,0.1
willsanyu,0.9
josealfonso1206,0.1
honohenriquez,0.1
josecarvajal45,0.12
juandaospi_1977,0.06
RamiroQ98792297,0.1
gabrielsilvaluj,0.1
maryurizm26,0.12
josealfonso1206,0.1
orsobar,0.5
josecarvajal45,0.12
ernestosamperp,0.85
RamiroQ98792297,0.03
AlcaldiaCTG,0.5
maryurizm26,0.1
alberto55081130,0.9
orsobar,0.5
edwinvillalob20,0.03
ascoACAB,0.05
ernestosamperp,0.85
clemencia_vela,0.1
AlcaldiaCTG,0.5
modebarrios,0.21
alberto55081130,0.9
arnulfo_ma66266,0.05
edwinvillalob20,0.14
0321Ombc,0.1
ascoACAB,0.05
julianandresar,0.03
clemencia_vela,0.1
modebarrios,0.21
CarratoMilvio,0.1
arnulfo_ma66266,0.1
YomarSuarez8,0.08
islei2000,0.25
0321Ombc,0.12
JorgeVenenciaM1,0.05
dysi22,0.75
julianandresar,0.05
AlejalaNei90277,0.95
CarratoMilvio,0.1
JhonAgu11299010,0.1
YomarSuarez8,0.03
RalSalgueroMar1,0.9
islei2000,0.15
alfonsomyhotma1,0.75
JorgeVenenciaM1,0.05
MartinVandermar,0.25
dysi22,0.75
Adolfotamayo16,0.1
AlejalaNei90277,0.9
fernandorios07,0.1
JhonAgu11299010,0.05
mindefensa,0.85
JhonM56146398,0.85
J_Albarrazin,0.1
carlosrome65,0.75
RalSalgueroMar1,0.95
alfonsomyhotma1,0.75
carolin68937440,0.05
MartinVandermar,0.21
Fabianmendoza,0.1
TichLilo,0.25
Adolfotamayo16,0.1
fernandorios07,0.1
Isaord00,0.1
mindefensa,0.85
Nikofulero,0.21
JhonM56146398,0.9
yovannyvargasb,0.85
J_Albarrazin,0.1
velascoluisf,0.85
carlosrome65,0.75
Facciolince,0.15
carolin68937440,0.05
Daniell98500444,0.1
stevenvalle55,0.15
Fabianmendoza,0.05
ZuluagaCamila,0.25
TichLilo,0.25
Isaord00,0.1
AstrazenecaD,0.1
Nikofulero,0.21
Jose_Roas,0.03
yovannyvargasb,0.85
CamiloGuzmanSa,0.75
velacarlos,0.75
JhonattanFi,0.25
canaletejulio1,0.05
velascoluisf,0.78
Sergioj22S,0.03
Facciolince,0.1
mirileon14,0.21
Daniell98500444,0.12
virginiamejiav5,0.02
RepublicDerecha,0.1
ANDRO1711,0.25
stevenvalle55,0.1
monike_ro,0.1
ZuluagaCamila,0.5
Contestandoya,0.5
AstrazenecaD,0.0
alejcol1997m,0.5
Jose_Roas,0.05
IvanCepedaCast,0.5
CamiloGuzmanSa,0.75
jaiderfig,0.25
velacarlos,0.65
JuanKarlosVeneg,0.9
JhonattanFi,0.21
TsJessicaRubio,0.1
canaletejulio1,0.05
1972mayepi,0.12
luisyovanyy,0.02
Sergioj22S,0.03
Jorgecciudadano,0.05
mirileon14,0.25
virginiamejiav5,0.05
NoConMiAhorro_,0.1
RepublicDerecha,0.05
ANDRO1711,0.25
monike_ro,0.1
hubado57,0.03
LourdesToro2020,0.85
Contestandoya,0.5
davidcancino,0.25
alejcol1997m,0.5
GermannLopezz,0.5
IvanCepedaCast,0.5
Laurens_Right,0.03
jaiderfig,0.25
JuanKarlosVeneg,0.85
hermaionesaa,0.45
TsJessicaRubio,0.3
ALFREDO57073637,0.15
1972mayepi,0.1
luisyovanyy,0.1
ghitis,0.1
Jorgecciudadano,0.05
magnoliasan22,0.85
NoConMiAhorro_,0.05
Auracasta_22,0.02
hubado57,0.03
esperanza_748,0.5
LourdesToro2020,0.75
CarlosA51374781,0.05
DavidRacero,0.25
Otro_Gato_2016,0.1
davidcancino,0.25
GermannLopezz,0.5
Claudia97731197,0.21
Laurens_Right,0.12
Peter_25689,0.15
hermaionesaa,0.75
aluis1223,0.15
ALFREDO57073637,0.14
Sol_Inmediatas,0.5
ghitis,0.1
manuel_pascuas,0.1
magnoliasan22,0.75
wisaro3,0.75
Auracasta_22,0.0
Metaverse2705,0.8
esperanza_748,0.5
AdrinRamrz_,0.21
CarlosA51374781,0.1
DavidRacero,0.25
YSensacional,0.11
manuel0853,0.03
Otro_Gato_2016,0.1
paulabolivar,0.1
Claudia97731197,0.1
AntonioDei68288,0.78
Peter_25689,0.1
GermnAndrs92683,0.05
aluis1223,0.1
Sol_Inmediatas,0.5
Verchiljeffer,0.25
JairoRicardoOs1,0.88
manuel_pascuas,0.12
ElizbethCristi7,0.0
JuanCar48491442,0.1
wisaro3,0.75
Metaverse2705,0.75
takiroser,0.15
AdrinRamrz_,0.15
zugodie,0.09
antimamert0s,0.0
YSensacional,0.15
javierzabala,0.1
manuel0853,0.05
paulabolivar,0.15
luisbeltrannoti,0.21
AntonioDei68288,0.85
GermnAndrs92683,0.03
ArielMen2,0.9
Verchiljeffer,0.25
JairoRicardoOs1,0.9
LaRazonCo,0.5
ElizbethCristi7,0
LuzFaRB,0.83
DitterAndres,0.25
JuanCar48491442,0.05
takiroser,0.2
benjaminleond,0.05
zugodie,0.05
LuisCar10246516,0.1
antimamert0s,0.2
WilmarRoncancio,0.85
javierzabala,0.1
jdeiby1,0.9
luisbeltrannoti,0.0
Julian_Bahamon_,0.1
ArielMen2,0.85
arrietajose639,0.1
LaRazonCo,0.5
Black_ultra6,0.0
LuzFaRB,0.85
ecojuanfe,0.1
DitterAndres,0.75
carlossalazar35,0.0
henao_velezSA,0.03
benjaminleond,0.05
ElPensador75,0.85
LuisCar10246516,0.21
Jovani0906,0.85
romahadi8209,0.15
WilmarRoncancio,0.85
jdeiby1,0.75
lualar,0.15
Julian_Bahamon_,0.02
uni_cartagena,0.5
arrietajose639,0.15
Alucard19850311,0.75
WRadioColombia,0.25
Black_ultra6,0.01
henrycruzr,0.75
ecojuanfe,0.05
cabasgustavo,0.05
CHnodoitalia,0.25
carlossalazar35,0.0
pluedifa,0.2
henao_velezSA,0.25
ToxicNerv,0.85
ElPensador75,0.85
carlosedo76,0.85
Jovani0906,0.9
gustavogomezlo1,0.85
romahadi8209,0.15
jcuellar32,0.1
lualar,0.1
angelimpulsor,0.87
uni_cartagena,0.5
alexander_42bm,0.75
Alucard19850311,0.21
gvad2556,0.03
WRadioColombia,0.4
UltimaHoraCR,0.55
henrycruzr,0.9
ESaenzRovner,0.5
cabasgustavo,0.1
CHnodoitalia,0.5
joseolfa,0.12
pluedifa,0.03
DanielSamperO,0.1
ToxicNerv,0.8
SomosEnMarcha,0.5
carlosedo76,0.75
juan_1014J,0.25
ColjuegosCo,0.95
gustavogomezlo1,0.9
MartaMaciasZap1,0.15
jcuellar32,0.1
MaisAngel,0.1
angelimpulsor,0.85
wilzer1984_faz,0.05
alexander_42bm,0.85
gvad2556,0.15
chajoko,0.38
UltimaHoraCR,0.65
YouTube,0.5
ESaenzRovner,0.5
aarangob11,0.87
joseolfa,0.1
CristoBustos,0.1
alexdavidsilva,0.03
DanielSamperO,0.05
SomosEnMarcha,0.5
Diegope10_,0.9
nstor_augusto,0.21
juan_1014J,0.75
ColjuegosCo,0.9
Oscarbc45201895,0.15
Angelic16768960,0.05
MartaMaciasZap1,0.05
giovannyzvelez,0.05
MaisAngel,0.05
jorego13,0.03
wilzer1984_faz,0.05
AlvaroB1257,0.15
jhtg007,0.1
chajoko,0.25
cesauesma,0.5
YouTube,0.5
MHMora3,0.25
diegotokio,0.25
aarangob11,0.9
CristoBustos,0.0
armandoneira,0.25
alexdavidsilva,0.02
zybor2000,0.01
Diegope10_,0.9
omarvmurcia,0.1
nstor_augusto,0.21
Cafecalientenot,0.15
Oscarbc45201895,0.05
Wilmarkbravo,0.1
Angelic16768960,0.0
giovannyzvelez,0.1
bomagro,0.1
jorego13,0.05
SRodriguezAp,0.05
JUBILADOPATRIO1,0.21
AlvaroB1257,0.21
jgiraldoa,0.05
jhtg007,0.1
CelsoTeteC,0.38
cesauesma,0.5
MHMora3,0.25
Edizsan5808Diaz,0.1
diegotokio,0.25
JavierMonom,0.05
armandoneira,0.25
fidoparis6,0.75
zybor2000,0.1
NelsonOrtizRey1,0.0
omarvmurcia,0.1
OSCALEHS8504,0.1
Cafecalientenot,0.15
Wilmarkbravo,0.1
mesaldarriaga,0.02
bomagro,0.15
macongorey,0.1
SRodriguezAp,0.12
rosamarilla221,0.5
JUBILADOPATRIO1,0.1
ManuelM09486461,0.25
jgiraldoa,0.2
ProfeMauricio6,0.15
janusinho,0.21
marmed1960,0.75
CelsoTeteC,0.25
Edizsan5808Diaz,0.1
BancoRepublica,0.5
GomezDa78155177,0.1
JavierMonom,0.03
ManuelBeltrn14,0.8
fidoparis6,0.85
NelsonOrtizRey1,0.03
Alberto24557743,0.15
OSCALEHS8504,0.1
AlvaroUribeVel,0.1
mesaldarriaga,0.1
ColombiaMuisca,0.5
macongorey,0.1
rosamarilla221,0.5
nicolasa04,0.21
Rifore2,0.85
ManuelM09486461,0.25
millanrussy,0.5
ProfeMauricio6,0.21
arhianhitha,0.02
janusinho,0.12
cosorno54,0.05
marmed1960,0.75
honoriofer52344,0.05
andresconde73,0.85
BancoRepublica,0.5
JoseWilmerPache,0.1
GomezDa78155177,0.05
ManuelBeltrn14,0.75
oscarvillota14,0.1
Alberto24557743,0.1
AlvaroUribeVel,0.1
igacColombia,0.85
BenedictoLozano,0.01
jmrr821,0.05
YeffrinH67443,0.05
ColombiaMuisca,0.5
yenis_galvan,0.12
nicolasa04,0.1
ViktoriaE_,0.1
Rifore2,0.8
EcoFinanzasRed,0.5
millanrussy,0.5
AlexKleinO,0.1
arhianhitha,0.03
30Mamerta,0.85
cosorno54,0.1
honoriofer52344,0.01
cubetapias,0.9
andresconde73,0.9
JoseWilmerPache,0.15
ProsperidadCol,0.5
oscarvillota14,0.05
jrestrp,0.21
igacColombia,0.85
BenedictoLozano,0.05
liliasolanor,0.5
jmrr821,0.05
Citytv,0.5
YeffrinH67443,0.1
jmrodri2017,0.05
yenis_galvan,0.1
NEWCOL2022,0
ViktoriaE_,0.05
OSCARIVANPALAC,0.75
EcoFinanzasRed,0.5
Libertadprov319,0.5
AlexKleinO,0.05
todoscolombia,0.12
30Mamerta,0.75
davidalaverde,0.75
Hemequin,0.25
gustavovaldivie,0.15
cubetapias,0.9
jhodival,0.85
ProsperidadCol,0.5
ProfeD_libre,0.85
yuberc,0.15
jrestrp,0.25
liliasolanor,0.5
Citytv,0.25
jmrodri2017,0.05
NEWCOL2022,0.01
Arago1Milena,0.9
dapavao2706,0.5
EDUARDO67889272,0.1
ArcePez,0.05
DIMITRIMAR24,0.85
OSCARIVANPALAC,0.75
OjsOscar,0.02
Libertadprov319,0.5
tadeusonate,0.5
migu_e,0.22
todoscolombia,0.1
Jome993,0.1
davidalaverde,0.75
Hemequin,0.25
Aceroblindado1,0.1
gustavovaldivie,0.1
jhodival,0.85
LudwigHetfield,0.75
Borbon62610859,0.02
TeeeoZaabala,0.05
ProfeD_libre,0.88
jaime19226212,0.1
yuberc,0.12
bejarano618161,0.05
Arago1Milena,0.85
NestorMoralesC,0.5
RodRengifo,0.5
dapavao2706,0.5
julichacon82,0.85
EDUARDO67889272,0.15
SandraComunes,0.75
ArcePez,0.1
DIMITRIMAR24,0.85
djv21141,0.25
alvaritomijo29,0.85
OjsOscar,0.21
madrigal_holman,0.1
tadeusonate,0.5
sebastianplld,0.1
JuanCar72173414,0.1
migu_e,0.25
Jome993,0.1
fabianSa90,0.1
Aceroblindado1,0.15
oscarvajal2418,0.75
LudwigHetfield,0.75
hjv29,0.1
Borbon62610859,0.1
FincaRaizLlanos,0.85
TeeeoZaabala,0.1
AlanAndresOspi2,0.85
jaime19226212,0.12
LaurentinoGonz6,0.75
bejarano618161,0.1
WayfarerMemo,0.25
NestorMoralesC,0.5
osteto1116,0.95
RodRengifo,0.5
virgicorzo,0.25
julichacon82,0.9
nicolodaimaku,0.1
SandraComunes,0.75
djv21141,0.75
ObedRamire64887,0.1
alvaritomijo29,0.85
madrigal_holman,0.15
sebastianplld,0.05
TargaryenMoya,0.21
SoyPatriota2482,0.07
JuanCar72173414,0.1
lfelipe_urrego,0.05
gsantosed,0.1
fabianSa90,0.15
mariacastro1111,0.0
oscarvajal2418,0.75
nannawing,0.01
hjv29,0.25
Soberania_Col,0.5
FincaRaizLlanos,0.85
SebastianNohra,0.5
topografo58,0.85
AlanAndresOspi2,0.75
UGPP_Colombia,0.5
LaurentinoGonz6,0.85
JsnViloria,0.5
WayfarerMemo,0.75
alperezv,0.75
osteto1116,0.9
virgicorzo,0.75
nicolodaimaku,0.1
Jaimecorreaj,0.1
ObedRamire64887,0.02
jllanosala,0.75
TargaryenMoya,0.0
DagoPalencia,0.9
SoyPatriota2482,0.15
JAVIVAS68,0.2
lfelipe_urrego,0.1
mvelezjara67,0.1
gsantosed,0.25
Grupo_Coomeva,0.5
mariacastro1111,0.0
BigBossf2023,0.0
nannawing,0.15
Letrinas,0.12
Soberania_Col,0.5
SebastianNohra,0.5
paulodeta,0.21
topografo58,0.85
UGPP_Colombia,0.5
JsnViloria,0.5
JorgeMarx613086,0.75
Armando99630231,0.5
alperezv,0.75
LondonoLen81165,0.05
Jaimecorreaj,0.1
CGTCol,0.5
jllanosala,0.75
jsanchezcristo,0.1
DagoPalencia,0.85
JAVIVAS68,0.21
apnnoticias,0.25
mvelezjara67,0.15
soyfdelrincon,0.5
Grupo_Coomeva,0.5
diebera,0.02
BigBossf2023,0.1
Letrinas,0.05
Arcilajm,0.1
Hogieo1Hogieo,0.1
JorgeMarx613086,0.85
A_Jaramillo,0.1
Armando99630231,0.5
cuervoji,0.21
LondonoLen81165,0.1
CGTCol,0.5
jamezco,0.5
luzalean,0.1
jsanchezcristo,0.1
euscamar,0.5
apnnoticias,0.5
Chaetoceros77,0.5
soyfdelrincon,0.5
MarthaAlfonsoJ,0.5
diebera,0.1
yasiry244444,0.15
Arcilajm,0.05
LUVELUR,0.0
Hogieo1Hogieo,0.1
Ingeavendano,0.1
A_Jaramillo,0.1
cuervoji,0.1
jamezco,0.5
germontoyaster,0.1
luzalean,0.1
alexsuarezr1,0.1
euscamar,0.5
tyba_latam,0.5
Chaetoceros77,0.5
Rebs3024,0.1
MarthaAlfonsoJ,0.5
J_Clopatofsky,0.0
yasiry244444,0.12
villamizar99486,0.5
LUVELUR,0.03
Ingeavendano,0.1
MONYRODRIGUEZOF,0.5
germontoyaster,0.25
manuelvizcaino6,0.25
escobar_ga83235,0.9
alexsuarezr1,0.1
JotaPeHernandez,0.5
tyba_latam,0.5
mateoamayaq,0.05
Rebs3024,0.02
bossa_german,0.25
nelsonfh17,0.75
GabrioMtz,0.15
J_Clopatofsky,0.1
noroomforitems,0.1
andresangulo,0.1
villamizar99486,0.5
CesarEnriq81665,0.05
CHICANOTICIAS1,0.5
MONYRODRIGUEZOF,0.5
manuelvizcaino6,0.25
juan93098,0.1
escobar_ga83235,0.9
Claudia54747068,0.1
JotaPeHernandez,0.5
John_ferdinand_,0.15
mateoamayaq,0.05
bossa_german,0.75
jesusarias17088,0.15
nelsonfh17,0.75
GabrioMtz,0.15
jaipazari,0.1
noroomforitems,0.1
Alyca46,0.05
andresangulo,0.1
jflafaurie,0.25
CesarEnriq81665,0.05
jaimitoelcar,0.1
FCFSeleccionCol,0.5
CHICANOTICIAS1,0.5
RealidadesdeCo1,0.1
juan93098,0.15
ancrifo,0.1
Claudia54747068,0.15
erickdong4,0.1
John_ferdinand_,0.2
summarizest,0.85
jesusarias17088,0.1
cazarate09,0.0
jaipazari,0.1
dianaesgh,0.1
Alyca46,0.01
jflafaurie,0.5
Jorgepc40,0.12
jaimitoelcar,0.1
Asobancaria,0.5
FCFSeleccionCol,0.5
Gerardocas39910,0.1
RealidadesdeCo1,0.1
Nas1120R,0.15
ancrifo,0.05
g_patto,0.5
znaldorey01,0.75
erickdong4,0.1
summarizest,0.85
cazarate09,0.0
dianaesgh,0.19
Portafolioco,0.4
Jorgepc40,0.1
Asobancaria,0.5
ESAUDYARA,0.1
SemanarioVOZ,0.75
Gerardocas39910,0.1
JULIANCALVO1983,0.1
Nas1120R,0.1
emmanuel796,0.21
g_patto,0.5
Chaparral0,0.1
znaldorey01,0.8
PublimetroCol,0.5
Portafolioco,0.45
Millerthomass,0.5
ESAUDYARA,0.1
elespectador,0.25
SemanarioVOZ,0.75
wijimber,0.05
JULIANCALVO1983,0.05
emmanuel796,0.25
TocaWilliam,0.1
Chaparral0,0.03
CESARM4RTNZ,0.02
PublimetroCol,0.5
LUISFER73608809,0.1
Millerthomass,0.25
elespectador,0.21
debe1989,0.21
wijimber,0.1
jorgeelecastro,0.1
Morajhon14,0.75
luzelenacarren2,0.1
G_MARIN19,0.1
TocaWilliam,0.1
CESARM4RTNZ,0.03
LUISFER73608809,0.05
Cecysimplemente,0.0
debe1989,0.21
jorgeelecastro,0.02
pgvargas01,0.02
Morajhon14,0.88
SungFlower__,0.05
pbyenny,0.1
luzelenacarren2,0.1
G_MARIN19,0.1
sw33ttiny,0.03
Cecysimplemente,0.1
pgvargas01,0.15
gordacosta,0.8
SungFlower__,0.03
GladysM645,0.1
pbyenny,0.1
arcanos55,0.05
soypastusa,0.1
sw33ttiny,0.03
HarbeyMillan,0.5
gordacosta,0.75
alexbd10,0.75
GladysM645,0.05
drmariamantilla,0.01
arcanos55,0.1
sinjulian,0.05
uribisima2016,0.21
soypastusa,0.03
sanpinzonmejia,0.01
HarbeyMillan,0.5
diegoonzalez07,0.1
alexbd10,0.85
Adriana68884699,0.88
drmariamantilla,0.0
sinjulian,0.1
MariaClaraVald7,0.1
uribisima2016,0.21
IglesiasJulio87,0.08
sanpinzonmejia,0.05
NNRESTUDIOLEGAL,0.25
diegoonzalez07,0.2
alhajasid,0.1
maltescut1,0.85
Adriana68884699,0.85
UsolidariaCo,0.9
MariaClaraVald7,0.09
juliojerz2,0.1
EstherR09371538,0.85
IglesiasJulio87,0.05
NNRESTUDIOLEGAL,0.45
carlucas196364,0.5
Joaquinprada,0.5
alhajasid,0.15
EmanuelRojas1_,0.25
maltescut1,0.85
moliverag,0.25
UsolidariaCo,0.85
juliojerz2,0.1
jorgemunozsepul,0.25
EstherR09371538,0.85
Morat151,0.25
ljarguelles,0.1
carlucas196364,0.5
Joaquinprada,0.5
EmanuelRojas1_,0.25
edferobayo,0.1
moliverag,0.25
hetlimuz,0.05
jorgemunozsepul,0.3
CsarAug67004084,0.2
Morat151,0.21
RevistaClevelCO,0.25
Enrique73428637,0.1
ljarguelles,0.1
jpalvarezarango,0.21
PazLaboral,0.5
edferobayo,0.1
JosManu01887304,0.1
hetlimuz,0.05
CamiloIncomodo,0.25
otratochecita,0.1
CsarAug67004084,0.25
DerBesteVater,0.05
RevistaClevelCO,0.25
nevio_valencia,0.1
Enrique73428637,0.1
agenciakgrunon,0.5
jpalvarezarango,0.21
Vicorresa22,0.15
PazLaboral,0.5
JosManu01887304,0.05
JJB4280,0.1
CamiloIncomodo,0.25
pedromontoyapri,0.9
otratochecita,0.1
SomosFancom,0.5
DerBesteVater,0.02
fvergaraelias,0.03
nevio_valencia,0.1
LeoMuriel16,0.1
fabioocampo3,0.1
agenciakgrunon,0.5
Miguel095980291,0.03
Vicorresa22,0.1
JorgeSam1973,0.15
Braynerandres,0.1
clarasandoval,0.75
MontoyaRim78073,0.1
lisseth83580294,0.1
davidtamarator1,0.05
HctorMosqueraC2,0.75
Antimamertussss,0.1
waldoalarconho1,0.05
JonhatanCastro,0.1
wihernan,0.1
AcripValle,0.5
luiscavar,0.21
RobertoMTico,0.03
Reinald90992689,0.1
vi24cruz,0.95
Artefarol_luis,0.25
PeraltaAbello,0.25
CarlosA40232792,0.21
Miguel646816961,0.25
DanielCama633,0.95
Maritza65187975,0.21
camilocortazar,0.1
diogenesprimero,0.1
alberto11464959,0.1
FisicoImpuro,0.0
ElviraS54657936,0.5
AlvaroAmjs,0.5
Supersalud,0.5
agmethescaf,0.5
JaimeP31881,0.75
pulzo,0.15
mcristogonzalez,0.1
javierarc35,0.7
MinSaludCol,0.75
Josepelin3,0.02
MalbertoSuarez,0.05
NicolErnesto,0.03
vieja_termuda,0.5
micontabilidad,0.5
JavierFLopezH,0.1
Oscarmago6,0.12
clauaceve,0.85
mpo234,0.25
Ricardo38436973,0.1
ARBOLIFE,0.1
luisfprieto2,0.01
jotonielj,0.1
spamecom,0.01
JulioCMontoyaH,0.21
willisan27,0.21
carlostru_77,0.1
KellyGranados,0.1
nestorleons,0.07
pelusacalima,0.1
Balzate67,0.03
miloblandon,0.7
FarukAbraham,0.1
JuliaDelSocorr2,0.1
AndresGiraldoh5,0.85
BloombergLinea_,0.5
DowFinance,0.05
FmartinezPrensa,0.5
DuvalierSanchez,0.1
PeriodistaFredy,0.85
elizabeta02679,0.85
I_am8888,0.85
Alfredov94Varon,0.1
Albert135Carlos,0.5
matutobe,0.25
JDRincon9,0.1
marco_mcm,0.1
LuzAmparo4816,0.1
Machaparrop,0.1
gmez86713,0.1
JuanMan14983110,0.1
dairocantillo02,0.85
LauraMarcelaO,0.05
DavidPatriotaCo,0.01
EUGENIODEJesus,0.75
nacp_92,0.03
VianchaRangel,0.95
Domingo11863921,0.85
GinaPacheco_,0.21
VisionDavi,0.5
JORGEROJAS1953,0.15
JAALQUIPE,0.83
AntonioDeLen14,0.1
HectorA87524815,0.1
gabopensante,0.75
Senor2023,0.05
avila_rico,0.15
jalpp82,0.1
Margari91017579,0.2
Blochh16,0.35
EspacialAzul,0.15
TodesXY,0.1
ToroDeArena,0.05
hildamariapint2,0.03
GeovannyR6321,0.5
ArturoLemusMor5,0.05
HarvyVillarruel,0.21
Glaseado6,0.02
cruaacevedo,0.1
Joel57461331,0.5
fersol101150,0.15
MarioCasti73241,0.25
Rincon001A,0.21
ctccolombia,0.5
segeromo,0.1
ConDosGuaguitas,0.1
nayibbukele,0.5
jhonerick0916,0.25
Alexandermuiska,0.25
jhpinedag,0.1
GloriaRamirezRi,0.9
ceballos_a50082,0.1
ZeaMnica,0.1
JoseGranadosF,0.1
TOLATO21,0.05
Quantum_I3ap,0.1
fedeomega,0.15
alexp123f,0.75
DanielRamireC,0.21
anrajami,0.1
rsernar,0.1
elizabe33673657,0.1
GustavoMoreno__,0.5
EverSamirTamar3,0.5
CarlosAguilarOr,0.25
Janette19596641,0.15
junior5122009h,0.1
sebastianxc25,0.05
robercatgeo,0.9
juanfdogil,0.5
AndyAma_,0.5
AlfreMondragon,0.25
Juampablo1989,0.85
JoseFBarriosG,0.1
jebelapa,0.75
MartinaAsprilla,0.1
Angel6749384305,0
LaBodeguita_TV,0.21
CarlosB04928393,0.5
juanpalacio8102,0.1
XaraTormenta,0.1
AndrexLinares,0.15
albor_molina,0.85
Superpensiones,0.5
ALFREDOSAADEV,0.1
emiliopuentes0,0.2
SoyGiovannyDJ,0.25
elcolombiano,0.25
nmls1999,0.1
claralarcon09,0.1
Tinojaramillo,0.1
AMVColombia,0.5
Daniellopezb,0.25
771David,0.05
Jessidelrgm,0.21
PaoHerreraC,0.11
PaoHerreraC,0.15
Kukiman09,0.25
Kukiman09,0.25
carolinacorcho,0.5
carolinacorcho,0.5
Bogota2022,0.14
Bogota2022,0.1
davidroldana,0.15
davidroldana,0.05
emilcen04,0.8
emilcen04,0.75
jainrodriguez,0.75
jainrodriguez,0.75
GHMasana,0.32
GHMasana,0.3
pipeconomixto,0.03
pipeconomixto,0.05
DianaMa32677491,0.05
DianaMa32677491,0.05
_Robert_91,0.5
_Robert_91,0.5
hernandob352,0.1
hernandob352,0.1
LuisGMurillo,0.5
LuisGMurillo,0.5
heedu_info,0.12
heedu_info,0.2
tatan010,0.0
tatan010,0.1
asalazar550,0.03
DJ_Santamaria,0.21
asalazar550,0.1
DJ_Santamaria,0.21
alfredoa271,0.21
alfredoa271,0.1
phpatino,0.1
phpatino,0.1
Att47Toro,0.25
Att47Toro,0.25
Chestereta,0.5
Chestereta,0.5
Reii1306,0.2
Reii1306,0.1
metzengas,0.15
metzengas,0.15
santiagoangelp,0.25
santiagoangelp,0.5
VickyDavilaH,0.03
VickyDavilaH,0.05
polar84z,0.1
polar84z,0.05
CesarAGal,0.15
CesarAGal,0.1
margui978,0.1
margui978,0.15
Jr__0220,0.1
Jr__0220,0.03
IvonneMilenaGo,0.1
ManuelG23199917,0.5
IvonneMilenaGo,0.1
AvilaTapias,0.05
ManuelG23199917,0.5
AvilaTapias,0.1
radeonxi398,0.75
radeonxi398,0.75
OfeliaChavezLa2,0.75
OfeliaChavezLa2,0.75
Esteban94392976,0.75
Esteban94392976,0.85
el_moncho,0.06
el_moncho,0.05
mgnscm,0.1
mgnscm,0.12
juanbamico,0.2
juanbamico,0.1
jhonsagrado,0.1
jhonsagrado,0.1
AlexNuevamente,0.1
AlexNuevamente,0.12
fabianzapata026,0.85
ivan_donatom,0.15
fabianzapata026,0.9
ivan_donatom,0.21
VigilaPol,0.1
VigilaPol,0.1
hernancadavidma,0.03
juandperez,0.1
hernancadavidma,0.05
PalomaValenciaL,0.02
juandperez,0.15
JFer_95,0.9
PalomaValenciaL,0.1
Opinandoando4,0
JFer_95,0.9
serlopera,0.0
mauroolarte,0.05
yohirakerman,0.5
Opinandoando4,0.02
serlopera,0.1
AngelaMariaL81,0.03
mauroolarte,0.05
DaghoGarzon,0.9
yohirakerman,0.5
Progresismopuro,0.05
AngelaMariaL81,0.05
JuanBon03369665,0.75
DaghoGarzon,0.85
BloombergLineaC,0.5
Progresismopuro,0.1
CesarCamiHernn,0.5
JuanBon03369665,0.75
lafm,0.34
BloombergLineaC,0.5
LOTHUAN2,0.02
dani4737,0.5
CesarCamiHernn,0.25
lafm,0.35
CaracolRadio,0.5
LOTHUAN2,0.05
nanpedra,0.21
dani4737,0.5
betoaroca,0.08
CaracolRadio,0.5
Acipet_CO,0.5
nanpedra,0.21
betoaroca,0.07
Acipet_CO,0.5
CESARMA14508127,0.1
CESARMA14508127,0.1
RilkeRainer,0.75
Caled1971,0.21
RilkeRainer,0.88
Caled1971,0.21
Aracno_Red,0.05
lufranlou,0.25
Aracno_Red,0.03
lufranlou,0.25
JaiderParr335,0.05
JaiderParr335,0.05
AlainTisso51417,0.1
AlainTisso51417,0.1
LeoCS58,0.1
LeoCS58,0.03
LopezHarold_,0.2
LopezHarold_,0.25
MariaPe85066914,0.03
MariaPe85066914,0.05
JOSEJoseluiss,0.1
JOSEJoseluiss,0.05
rosorcas,0.2
rosorcas,0.25
luisebastian161,0.03
franklincorpas4,0.9
luisebastian161,0.05
Frankzm,0.25
joseoscarg,0.05
franklincorpas4,0.9
Frankzm,0.25
Alejoberme0,0.5
mapias15,0.21
joseoscarg,0.1
Ricardo_rodri21,0.5
contadores1A,0.15
HORCAUCA,0.1
Alejoberme0,0.5
luiscleves,0.1
mapias15,0.21
Yeiko57,0.1
RicardoGalanO,0.5
Ricardo_rodri21,0.5
contadores1A,0.25
AcostaFila96869,0.85
HORCAUCA,0.03
ruedajr9,0.1
gajatohe,0.05
luiscleves,0.1
Yeiko57,0.1
CarlosA20665259,0.85
Beatriz14470382,0.05
RicardoGalanO,0.5
AcostaFila96869,0.75
alfernandez2311,0.5
ruedajr9,0.12
LaLibertadCo,0.5
gajatohe,0.1
FaVelez,0.1
sandyruva68,0.21
CarlosA20665259,0.85
BerrioNorman,0.1
Beatriz14470382,0.02
OspinaPauce,0.05
alfernandez2311,0.5
LaLibertadCo,0.5
julipalacioc,0.5
Rios53Rios,0.03
FaVelez,0.1
AndresPerez0594,0.25
sandyruva68,0.21
BerrioNorman,0.0
abramoscomillas,0.25
FernandoChavesV,0.0
OspinaPauce,0.03
leandro2488,0.1
julipalacioc,0.5
Rios53Rios,0.02
leonsanchezp,0.15
diegobuenavent1,0.03
AndresPerez0594,0.25
AngaritaVergara,0.05
abramoscomillas,0.25
miesmor,0.1
FernandoChavesV,0.1
dncoficial,0.75
leandro2488,0.1
rosasan90511303,0.8
leonsanchezp,0.1
libertadavanza0,0.1
diegobuenavent1,0.1
BolivarZha51553,0.9
alejito_ponce,0.1
AngaritaVergara,0.1
miesmor,0.1
AntonioCR1974,0.75
dncoficial,0.8
rosasan90511303,0.85
libertadavanza0,0.1
BolivarZha51553,0.9
alejito_ponce,0.1
AntonioCR1974,0.75
GloudSande8825,0.1
ELIMENES5,0.9
GloudSande8825,0.1
E_dutru,0.1
ELIMENES5,0.9
joseper43308224,0.75
E_dutru,0.1
pabloelias63,0.9
joseper43308224,0.85
ExtraColombia,0.35
pabloelias63,0.85
ExtraColombia,0.25
son_of_God_88,0.1
son_of_God_88,0.05
OtraPreguntaA,0.01
Kipling22,0.03
Luz98711240,0.25
OtraPreguntaA,0.03
sophiashouse,0.75
CongresoVisible,0.5
Kipling22,0.03
maximrudin,0.85
Luz98711240,0.25
sophiashouse,0.85
CongresoVisible,0.5
GustavoOrd17913,0.1
PadreHuerfano1,0.5
maximrudin,0.85
AndresJunior_,0.1
GustavoOrd17913,0.1
Guiller29271129,0.03
PadreHuerfano1,0.5
kumibo_n,0.21
AndresJunior_,0.1
Guiller29271129,0.05
dannagoangel,0.1
kumibo_n,0.1
Dios_Iluminanos,0.1
dannagoangel,0.1
Dios_Iluminanos,0.05
jdloboc,0.12
jdloboc,0.1
germanvn1,0.25
germanvn1,0.25
milttoncastril,0.1
milttoncastril,0.05
Sol42205473,0.85
metmet754849,0.1
Sol42205473,0.85
fabianquice1,0.6
metmet754849,0.05
fabianquice1,0.63
SAINJHON025,0.2
SAINJHON025,0.1
hirantonio,0.05
hirantonio,0.1
QMark117,0.1
QMark117,0.1
gener_usuga,0.5
gener_usuga,0.5
ricarospina,0.03
ricarospina,0.1
coherenciaporf,0.5
coherenciaporf,0.5
claudiarocioc15,0.5
claudiarocioc15,0.5
SrAngarita,0.21
SrAngarita,0.21
AnthonyJdango,0.85
mambru_el,0.2
AnthonyJdango,0.85
mambru_el,0.1
incoherentsarc1,0.1
incoherentsarc1,0.05
jarf1959,0.03
jarf1959,0.12
hjaa65,0.1
hjaa65,0.15
cuestion_p,0.1
cuestion_p,0.15
JMauroguerrero,0.05
JMauroguerrero,0.03
ljcepeda,0.0
ljcepeda,0.0
scarBon26585983,0.85
scarBon26585983,0.85
her42965043,0.05
her42965043,0.12
Yanetcita12611,0.9
Yanetcita12611,0.85
ilusa8981,0.5
MinIgualdad_Col,0.85
ilusa8981,0.25
alexa3400,0.02
MinIgualdad_Col,0.85
eduar1206,0.21
alexa3400,0.05
alkar8315,0.05
RCNnoticias,0.5
eduar1206,0.2
calberguezyahoo,0.15
alkar8315,0.01
RCNnoticias,0.5
inporcol,0.1
_ANDREE_ESCOBAR,0.1
calberguezyahoo,0.21
AlejoZuluaga66,0.1
inporcol,0.12
SintraSecFin,0.5
_ANDREE_ESCOBAR,0.2
jeor24ro,0.05
gesuriberg,0.03
KollCesar,0.1
_henrymantilla,0.1
RAFAEL0328,0.15
DaniMG454436170,0.1
Humbert06632230,0.1
jcmurcia77,0.02
romero_ram6009,0.75
DoomoEditorial,0.5
fondosdepension,0.19
JOSEANT92629832,0.1
hernancastrog7,0.9
BluRadioCo,0.21
German_Vargas,0.1
nidiapimi,0.5
JCFloriant,0.15
derasalud,0.05
MinHacienda,0.5
calditas65,0.85
laurisarabia,0.5
GusdolfoMA,0.21
Joshua_Arte,0.02
Eder18560560,0.9
ArquitectoAB,0.1
Antonio83196341,0.25
activistasco,0.75
cirotrujillo22,0.9
Yao_verdolaga,0.21
NadiFadia,0.75
yerinelys_01,0.21
YabastanoM,0.01
Frankzysko61,0.1
Jreyesosw,0.02
maso75,0.07
VictorR82220767,0.05
JVRBNTZ1582,0.15
Juan_EspinalR,0.5
RamiroMR_R,0.15
Sumercequeopina,0.15
ClaudiaLuci1018,0.05
Migue_R_H,0.05
limabuhe,0.25
delvecchiog1,0.04
juanchospizzas,0.1
NuevoCaliEsCali,0.1
GuaviareEstereo,0.5
RosalbaRojasC,0.5
JuanPabloCalvas,0.5
Bernard94595812,0.9
digonzo,0.1
DianaMunozC,0.1
BcaVirtual,0.25
CARITORAMIREZGO,0.75
henryRo01823114,0.25
CIELOCRIST24027,0.25
AmparoOrtegab,0.02
AngelicaLozanoC,0.5
LauraWillsO,0.5
Botesergio29,0.1
alvarogarcia39,0.1
cheppe1,0.21
HermanSerna,0.04
Mag_0327,0.03
estebanquincar,0.5
TxindurriG,0.0
Beltran33534571,0.15
DBonillaR,0.1
Benama80,0.1
judejepeto02,0.85
JuanStivenMuoz9,0.01
sir_pailander,0.85
ValoraAnalitik,0.37
carsal6,0.1
forvismazarsco,0.5
Aemon3428,0.25
federicogomezla,0.5
NacionalUtc,0.21
XaviStand,0.5
Liliosor,0.1
MariaFdaCabal,0.03
fredyAmartinezz,0.0
Corregidor72222,0.1
NelssonEstupia1,0.85
YoyitoMaruland1,0.21
Fegar1829960,0.03
miguelsarruf,0.85
Alberto8arias,0.85
MikyRodriguezO1,0.1
ElenaGa2022,0.2
a_jarlin,0.1
gloriainesramir,0.5
Renacer577577,0.05
quiqueospu,0.12
DIANColombia,0.5
PauloCruman,0.1
connotar,0.5
AngelVargas8812,0.25
Norbertopesca,0.2
lfonsoS,0.05
nadie0601,0.25
eliecer_e,0.1
fsandino322,0.03
pasivoarmenia1,0.1
Minerva41426,0.25
BickelWolfi,0.75
mjgalvis1,0.5
JmPHER,0.03
AnalisisUrbano,0.75
AlirioG6,0.75
Diego_Ddrums,0.5
2020Chk,0.15
LuisFer75429072,0.1
MarioChanaga,0.07
Atenea144,0.1
jamesaroldan,0.1
mauricio_460,0.1
JorgeIvanJime15,0.1
Diegoqueved,0.1
lila2160,0.1
madyadams1,0.21
LlaveDeLibertad,0.25
KarolaRent28603,0.5
jimsanjav,0.09
lgarciniegas,0.25
majasan1,0.1
nstor_lope,0.85
papoaminCD,0.05
P3dag0goRe_educ,0.5
olibertoo,0.9
dinotonini,0.03
09Forero,0.5
ricacortes,0.03
ProfeAndresC,0.05
BlancaMercedesR,0.05
Omarelcambioya,0.75
anpnoticiascol,0.5
mariabetancur9,0.11
sernabe,0.1
DanielSnchz,0.1
Carlos_Suaza,0.05
reyreyes131,0.1
jose_jair_c,0.85
haroldmarulanda,0.1
SaraGrajales11,0.1
0pinandoand0,0.1
Carabalijairo05,0.9
Feracosta2017,0.05
Alfredosantosm,0.02
ColombiaAcoset,0.5
PimientoGladys,0.9
FontidiCristian,0.1
bgpenaloza,0.03
CristhianRM22,0.25
Ing6ustavo6omez,0.5
mar_martelo,0.05
gusgomez1701,0.5
cabogadosa1,0.5
yennyabb,0.1
AlejoSoberania,0.0
edwinespinosaqu,0.2
carlos_durane,0.5
victorhzapatas1,0.21
PerezCJavier_,0.5
ViceColombia,0.5
yaidna,0.1
robotlin1,0.0
de_perez13574,0.21
carlosres,0.21
andrestevez11,0.21
RompeCadenaz,0.1
JvenesProgresis,0.25
ThomasitaD,0.1
LUZAMPAROGARAY1,0.75
carrionjaime,0.9
FelipeArroyaveG,0.1
osenvira,0.85
VelezCampuzano,0.1
TuiterosCaliCol,0.2
3Akkaa,0.5
lunadavid,0.03
jisaboya,0.1
WilderSerrato,0.0
aquipensando___,0.1
oliviarueda1,0.5
TatianaAuger,0.85
dover65,0.03
ANTONITO2007,0.05
senado,0.5
jbedoya1,0.03
IvanNameVasquez,0.5
FredyGarQui,0.05
J4c3x,0.05
edcaro1429,0.05
3dAdvancedS,0.03
ColSigloXXl,0.85
henryro07695774,0.1
TICALANCHEROS,0.1
LeofardoN,0.02
inemartz,0.8
NoraJalima,0.21
darcyquinnr,0.0
fgutierrez1968,0.75
EpicuroDeSamos_,0.1
Jonathanyustr77,0.25
CristoPosso,0.15
larepublica_co,0.31
rizito_s,0.12
FernandoUribeJ3,0.9
Z_T234,0.1
msncol,0.03
ArgemiroVasquez,0.1
JhanielaJimenez,0.75
Intidelaho2,0.12
MirandaBogota,0.5
JacoboR45871903,0.05
PezRecargado,0.05
David_LK1021,0.25
Solita1959,0.9
EdithMe1965,0.05
Daissyore,0
TLPrinceitisme,0.05
Pet5501,0.1
aethcolombia,0.1
pablo_perdomoo,0.85
ludifao,0.85
EdwinNarva96107,0.03
LeitoDaV,0.5
WilsonA25901603,0.75
JohnFexter,0.85
albertobemo,0.5
HumbertVelasq,0.75
nicocarreb,0.05
cardonamario55,0.1
emejotagonzam,0.02
eccehomo323,0.05
Carsuarez19,0.1
kroarbelaez,0.1
JULINCHO78,0.5
Colpensiones,0.75
Edelbraun_,0.1
EdgarPaz983,0.1
jguerrer99,0.25
isamudio,0.02
gralemano,0.05
candela68879101,0.1
Ulyssevengmail1,0.85
ototalen,0.01
willj84753699,0.75
CarlosGaitan87,0.03
Juan_Florez,0.1
MSocfide08,0.2
churches_all,0.5
martindjimenezm,0.5
MariaEl66728904,0.15
Betocoralg,0.0
serge_gut,0.05
lricardorueda,0.1
LEONARD15249211,0.15
Dafelama,0.21
agaviriau,0.5
PinoCalad,0.5
mondur,0.05
ArgiroCasta888,0.01
PrensaLaNacion,0.5
cesaraugustohi6,0.1
partidodelaucol,0.5
santamartero1,0.75
mujernaturaleza,0.75
HAROLDCAICE,0.1
marcetolla,0.03
Richiramir,0.85
Camilo3spitia,0.21
vovallediaz,0.03
Hectoraperez196,0.05
olgaloaiza17,0.05
cegoso,0.1
arduque9,0.03
carlossaldar44,0.85
jinethlandazaba,0.1
MarcoFi77687376,0.1
MarioCa92015699,0.8
KevinHartmannC,0.75
DAFA_82,0.85
elyri1,0.15
Flaco8108,0.07
CatanoWils10377,0.05
Sintracarcol,0.75
SoyJerome__,0.05
Alejandro_LiAr,0.1
alvaropuertago1,0.1
birdmanciudad,0.5
JaquelineBall17,0.1
MaraFer04977119,0.75
DrSpartan88,0.03
juanrobertovarg,0.5
AnguloR0511,0.21
alinacabrales2,0.9
Alegre3Alfonso,0.23
aeslava07,0.1
DayiSedano,0.2
ENRIQ7912,0.85
Leonard10719897,0.9
erikamh23,0.75
VioletaArredo12,0.25
GRULLACARIBE,0.1
pelaezjulio938,0.15
JoseAyusDuran,0.85
cast91650,0.75
MafeCarrascal,0.66
AgudeloAlbertoa,0.03
France24_es,0.5
nicola19383,0.1
BalajLeon,0.1
tatymendozalara,0.75
jaimealiriocorr,0.1
elvaro6303,0.07
raul0904,0.12
MariaElviraSP,0.1
makondo01,0.2
PartidoVerdeCoL,0.5
Akustronique,0.21
roberson101150,0.05
orlandopitaga,0.5
dw_espanol,0.5
ParcheCapuchino,0.1
Braversxyme77,0.01
laopinion_col,0.21
ferchosalazar9,0.85
Pachoporla12,0.21
PrietoJulian,0.2
marcelove2022,0.03
TURMASFRIAS,0.05
yeyogoc,0.5
NoticiasStaMta,0.75
julianestrada79,0.1
newilpe1203,0.1
jorgeeduardoex1,0.12
FulanoZuluaga,0.5
UniversPleyades,0.1
damian_rv,0.12
ContGanadero,0.25
dcohen_d,0.1
PGN_COL,0.5
JulioNilsa,0.25
luchysruiz,0.15
Camvardig,0.5
llllksjd,0.03
CatherineLeydi,0.1
EconomiaPipol,0.1
camargosky,0.85
Dario_Corredor,0.12
carmatto,0.1
EdwinAlfredoSu1,0.21
LemaPuerta1,0.05
Rlatinpyme,0.55
juankalzatea,0.05
Esgardo__Rangel,0.5
manuelzamudioa,0.75
andripatica,0.1
Rastreador111,0.21
JackelinMuoz6,0.25
LinaLen66067444,0.85
libertario23200,0.25
Analuuu,0.1
corchos70,0.05
pensar12345,0.05
ColCuarentena,0.18
ostamayo1,0.75
mariopreza,0.1
gevelasco,0.1
LUISBERNARDOFI5,0.1
cuentaakmdiabla,0.05
AlexanderC92356,0.5
JuanMa_djzerok,0.1
laabundancia171,0.1
INGRCORONADOO,0.03
reinaldovilla2,0.8
AlfredodelaA,0.25
VicenteAnthon18,0.1
SugeichR73197,0.1
jpapeleto,0.4
nelmilloram,0.1
Planoticia,0.5
Juangarciaeb,0.05
AnaCaroPe_,0.0
IRONMAN171234,0.1
urisisbenizado,0.5
azukittamami,0.1
oliveira31000,0.2
Melquisedec70,0.19
Colombia060663,0.75
LuisOrlandoFor1,0.75
pipego23,0.21
Las2Orillas,0.21
Marck67,0.03
Salitas58476165,0.5
bhrg52,0.01
FlorezaJ,0.85
MuiXuatour,0.75
kikeulloa53,0.95
Alejandro8220,0.05
soyaxeldavid,0.05
dapasfarrell,0.1
cielomontoya3,0.1
Giovann62828901,0.1
AlvaroM90491211,0.1
GonzaloGaravit3,0.85
ElianaPenuela,0.21
JuanAlvarezRic1,0.21
ceaugolar,0.15
jasir2000,0.75
kublaik19653063,0.1
Julio1y3,0.05
zullyfajardo1,0.1
ANDRES5837,0.15
Bidekytat,0.75
Soy_Capitalismo,0.1
Nick4Sports,0.1
edvisato,0.85
FNAahorro,0.85
LeidyN10,0.21
roeloph,0.2
LiquenNegro,0.75
JoseLui04301549,0.03
chapulinR,0.01
ivoox,0.5
LilianaRodas19,0.25
lother2003,0.12
rianpeza217,0.01
dimabusas,0.13
diehercasvan,0.85
Monard25,0.05
wirogadu,0.85
OfeliaMart49,0.9
LucianaMora10,0.05
nelcas23,0.1
rojas_educardo,0.03
anateresabernal,0.9
chechimartinez,0.02
HaleAqui,0.1
jomali20,0.18
TropiBogota,0.5
jlosadat1,0.1
JUANCGALEANOR,0.05
Tolima66,0.05
FelipeArev92,0.1
FiscaliaCol,0.5
versionpublica,0.75
LuisAlv23045563,0.75
AlejoToroAnt,0.85
8088Cod12289,0.5
rcnradio,0.5
lbertopuravida,0.1
Ambitojuridico,0.5
classesMar29295,0.15
Alberto01920416,0.1
josehermes66,0.03
Carolinasllb,0.15
JosuGut50111450,0.1
TomasJaimeG,0.1
tides001,0.25
Lindav_7,0.1
lunamoreno_m,0.1
TllezF,0.21
carlose00169,0.1
FSchlueb,0.02
juantulio1960,0.05
osnoflagoberdu,0.21
cgonzalezv897,0.1
elpaiscali,0.25
Vida_Negocios,0.85
ivanace53581730,0.03
rafaelcuellargo,0
DebateCol,0.1
FedericoYBabaji,0.25
MaraAngelicaMo9,0.5
elabejon,0.5
marlu_63,0.85
El_Misantropo_1,0.85
leaote,0.2
samuelfelizlope,0.75
DiegoDelaPorti,0.25
Ricrod18,0.1
elReneJimenez,0.1
prometheo7172,0.2
PactoCol,0.85
ricardocipago,0.1
Rubencho1120,0.05
DeiAparicio,0.9
Chalabyf,0.01
BrumPosada,0.1
adiez99,0.1
adri_isabela,0.03
Col_Productiva,0.75
GloriaA69061448,0.1
scorrales85,0.1
rapacheco24,0.03
PachoSantosC,0.0
LUISALB63840691,0.05
Pauliina_Mejia,0.05
luzmcaro,0.21
diavoloast38704,0.05
JoseAna13178392,0.05
agarciam0879,0.02
EmilioOteroD,0.1
JhonCamacho1,0.55
JosVRamrez,0.1
Juanfelipeus,0.03
caja1975,0.2
HumbertoReinel,0.05
FENAGU,0.05
ANIABELLO_R,0.5
mr_geogis,0.04
gustvotello,0.1
MiguelPoloP,0.5
Nicolas87336972,0.75
Antohes08,0.9
lonrod7,0.25
JuanPabRic_,0.5
ultimahoracol_,0.75
SarCatalinaM,0.5
jairodeg1,0.15
HenaoBernardo,0.5
oicebogota,0.1
Lufear58,0.1
marcelinogilib,0.15
marthaperaltae,0.5
dfdfaff865144b3,0.05
KazukiHoshino99,0.75
wesleyHcampo,0.5
AlirioGas,0.9
Alicia43121877,0.12
AdrianGullmo,0.11
LuzMarinaVelsq5,0.8
davoelbravo,0.1
danielwillsr,0.5
chipuco80,0.1
lilicatadiaz,0.95
leonard00993938,0.75
CorteSupremaJ,0.5
Latinoamerica21,0.5
Nancyan57589300,0.03
angelandresth,0.1
jhonfDerecha,0.1
GloriaFlorezSI,0.85
elenavallejoa,0.25
MerlyAriza9,0.85
JUANARDO,0.05
CarrillonavasG,0.05
jrvelezciro,0.1
nilsonpovedab,0.5
Jokeraton,0.83
LUCESdeOPINION,0.1
LaPuraMuneca,0.21
PaolaHolguin,0.5
JuanAndres777l,0.05
dw_espanol,0.5
ParcheCapuchino,0.21
Braversxyme77,0.0
laopinion_col,0.25
ferchosalazar9,0.85
Pachoporla12,0.21
PrietoJulian,0.2
marcelove2022,0.1
TURMASFRIAS,0.05
yeyogoc,0.5
NoticiasStaMta,0.75
julianestrada79,0.05
newilpe1203,0.11
jorgeeduardoex1,0.13
FulanoZuluaga,0.5
UniversPleyades,0.03
damian_rv,0.1
ContGanadero,0.25
dcohen_d,0.15
PGN_COL,0.5
JulioNilsa,0.25
luchysruiz,0.15
Camvardig,0.5
llllksjd,0.21
CatherineLeydi,0.15
EconomiaPipol,0.1
camargosky,0.85
Dario_Corredor,0.1
carmatto,0.02
EdwinAlfredoSu1,0.25
LemaPuerta1,0.05
Rlatinpyme,0.5
juankalzatea,0.1
Esgardo__Rangel,0.5
manuelzamudioa,0.75
andripatica,0.15
Rastreador111,0.21
JackelinMuoz6,0.25
LinaLen66067444,0.85
libertario23200,0.21
Analuuu,0.15
corchos70,0.1
pensar12345,0.1
ColCuarentena,0.1
ostamayo1,0.75
mariopreza,0.19
gevelasco,0.1
LUISBERNARDOFI5,0.1
cuentaakmdiabla,0.1
AlexanderC92356,0.5
JuanMa_djzerok,0.05
laabundancia171,0.1
INGRCORONADOO,0.1
reinaldovilla2,0.8
AlfredodelaA,0.1
VicenteAnthon18,0.1
SugeichR73197,0.1
jpapeleto,0.25
nelmilloram,0.1
Planoticia,0.5
Juangarciaeb,0.1
AnaCaroPe_,0.21
IRONMAN171234,0.1
urisisbenizado,0.5
azukittamami,0.12
oliveira31000,0.15
Melquisedec70,0.25
Colombia060663,0.85
LuisOrlandoFor1,0.85
pipego23,0.1
Las2Orillas,0.15
Marck67,0.0
Salitas58476165,0.5
bhrg52,0.05
FlorezaJ,0.85
MuiXuatour,0.75
kikeulloa53,0.95
Alejandro8220,0.03
soyaxeldavid,0.05
dapasfarrell,0.1
cielomontoya3,0.05
Giovann62828901,0.1
AlvaroM90491211,0.1
GonzaloGaravit3,0.9
ElianaPenuela,0.0
JuanAlvarezRic1,0.15
ceaugolar,0.15
jasir2000,0.25
kublaik19653063,0.2
Julio1y3,0.03
zullyfajardo1,0.15
ANDRES5837,0.1
Bidekytat,0.75
Soy_Capitalismo,0.1
Nick4Sports,0.1
edvisato,0.9
FNAahorro,0.85
LeidyN10,0.2
roeloph,0.1
LiquenNegro,0.75
JoseLui04301549,0.1
chapulinR,0.01
ivoox,0.5
LilianaRodas19,0.25
lother2003,0.21
rianpeza217,0.03
dimabusas,0.15
diehercasvan,0.85
Monard25,0.15
wirogadu,0.9
OfeliaMart49,0.85
LucianaMora10,0.05
nelcas23,0.05
rojas_educardo,0.05
anateresabernal,0.9
chechimartinez,0.05
HaleAqui,0.03
jomali20,0.2
TropiBogota,0.5
jlosadat1,0.15
JUANCGALEANOR,0.03
Tolima66,0.02
FelipeArev92,0.1
FiscaliaCol,0.5
versionpublica,0.5
LuisAlv23045563,0.75
AlejoToroAnt,0.9
8088Cod12289,0.5
rcnradio,0.5
lbertopuravida,0.05
Ambitojuridico,0.5
classesMar29295,0.1
Alberto01920416,0.1
josehermes66,0.1
Carolinasllb,0.21
JosuGut50111450,0.21
TomasJaimeG,0.05
tides001,0.5
Lindav_7,0.05
lunamoreno_m,0.1
TllezF,0.12
carlose00169,0.1
FSchlueb,0.03
juantulio1960,0.1
osnoflagoberdu,0.21
cgonzalezv897,0.1
elpaiscali,0.0
Vida_Negocios,0.9
ivanace53581730,0.0
rafaelcuellargo,0.11
DebateCol,0.1
FedericoYBabaji,0.25
MaraAngelicaMo9,0.5
elabejon,0.5
marlu_63,0.9
El_Misantropo_1,0.85
leaote,0.21
samuelfelizlope,0.75
DiegoDelaPorti,0.25
Ricrod18,0.1
elReneJimenez,0.15
prometheo7172,0.15
PactoCol,0.9
ricardocipago,0.21
Rubencho1120,0.11
DeiAparicio,0.85
Chalabyf,0.03
BrumPosada,0.1
adiez99,0.03
adri_isabela,0.1
Col_Productiva,0.85
GloriaA69061448,0.1
scorrales85,0.1
rapacheco24,0.1
PachoSantosC,0.0
LUISALB63840691,0.1
Pauliina_Mejia,0.05
luzmcaro,0.21
diavoloast38704,0.1
JoseAna13178392,0.07
agarciam0879,0.1
EmilioOteroD,0.05
JhonCamacho1,0.5
JosVRamrez,0.15
Juanfelipeus,0.05
caja1975,0.21
HumbertoReinel,0.02
FENAGU,0.05
ANIABELLO_R,0.5
mr_geogis,0.05
gustvotello,0.1
MiguelPoloP,0.5
Nicolas87336972,0.75
Antohes08,0.85
lonrod7,0.25
JuanPabRic_,0.5
ultimahoracol_,0.75
SarCatalinaM,0.5
jairodeg1,0.2
HenaoBernardo,0.0
oicebogota,0.2
Lufear58,0.1
marcelinogilib,0.11
marthaperaltae,0.5
dfdfaff865144b3,0.0
KazukiHoshino99,0.75
wesleyHcampo,0.5
AlirioGas,0.95
Alicia43121877,0.1
AdrianGullmo,0.21
LuzMarinaVelsq5,0.9
davoelbravo,0.15
danielwillsr,0.5
chipuco80,0.05
lilicatadiaz,0.95
leonard00993938,0.25
CorteSupremaJ,0.5
Latinoamerica21,0.5
Nancyan57589300,0.05
angelandresth,0.15
jhonfDerecha,0.0
GloriaFlorezSI,0.9
elenavallejoa,0.25
MerlyAriza9,0.85
JUANARDO,0.1
CarrillonavasG,0.1
jrvelezciro,0.15
nilsonpovedab,0.5
Jokeraton,0.78
LUCESdeOPINION,0.15
LaPuraMuneca,0.21
PaolaHolguin,0.5
JuanAndres777l,0.05
